time,generation,mean age hall_of_fame,mean compl,mean recursive_compl,mean n_params,min mae,min mse,min max_ae,min minus_r2,min mare,min q75_are,min max_are,min ms_processed_e,min minus_spearman,max penalty
11.42900800704956,1.0,0.0,6.0,16496.0,1.0,0.0883948798631349,0.009696815126330431,0.14427798797015967,-0.9946681808553289,0.006980500513004585,0.009951725234131209,0.011690881785819382,0.009696815126330431,-1.0,0.0
16.46297287940979,9.0,3.8,6.8,214.0,1.8,0.01577820180098379,0.0003389157886105877,0.03853246290086432,-0.9998136462677072,0.001242606730648285,0.0017129480333749913,0.002635264069012566,0.0003389157886105877,-1.0,0.0
22.041903018951416,15.0,5.0,3.6666666666666665,5.0,1.3333333333333333,3.2862601528904634e-14,1.3926429057555555e-27,8.348877145181177e-14,-1.0,2.553850302928743e-15,3.261828884823146e-15,5.428530828959366e-15,1.3926429057555555e-27,-1.0,0.0
27.43498396873474,25.0,9.6,6.2,7.6,2.0,2.9173245016304114e-14,1.0217569170854921e-27,5.5067062021407764e-14,-1.0,2.2878340624877324e-15,2.673920941015233e-15,4.20980390815706e-15,1.0217569170854921e-27,-1.0,0.0
32.555423974990845,34.0,15.8,6.2,7.6,2.0,2.9173245016304114e-14,1.0217569170854921e-27,5.5067062021407764e-14,-1.0,2.2878340624877324e-15,2.673920941015233e-15,4.20980390815706e-15,1.0217569170854921e-27,-1.0,0.0
38.1768798828125,43.0,13.166666666666666,7.833333333333333,692.3333333333334,2.3333333333333335,2.7328566760003854e-14,9.973629106317347e-28,5.1514348342607263e-14,-1.0,2.1192294880515897e-15,2.7471868857456958e-15,3.9522079251243615e-15,9.973629106317347e-28,-1.0,0.0
43.644428968429565,52.0,16.285714285714285,7.714285714285714,596.4285714285714,2.2857142857142856,2.7328566760003854e-14,9.973629106317347e-28,5.1514348342607263e-14,-1.0,2.1192294880515897e-15,2.7471868857456958e-15,4.087673587255396e-15,9.973629106317347e-28,-1.0,0.0
48.65953803062439,61.0,18.625,7.625,1098.125,2.375,2.787513809520393e-14,9.502739827508495e-28,4.973799150320701e-14,-1.0,2.1692527906824323e-15,2.7470310528685824e-15,3.938203656017895e-15,9.502739827508495e-28,-1.0,0.0
53.98605990409851,71.0,25.142857142857142,6.857142857142857,303.85714285714283,2.142857142857143,2.4868995751603507e-14,7.956572453275313e-28,4.973799150320701e-14,-1.0,1.9111537626891046e-15,2.672544482763662e-15,3.580520333994475e-15,7.956572453275313e-28,-1.0,0.0
59.369616985321045,81.0,30.0,6.857142857142857,303.42857142857144,2.142857142857143,2.4664031500903478e-14,7.880113627076969e-28,4.973799150320701e-14,-1.0,1.8940301327634177e-15,2.672544482763662e-15,3.580520333994475e-15,7.880113627076969e-28,-1.0,0.0
64.38593697547913,88.0,35.5,6.833333333333333,351.5,2.1666666666666665,2.4664031500903478e-14,7.880113627076969e-28,4.973799150320701e-14,-1.0,1.8940301327634177e-15,2.672544482763662e-15,3.580520333994475e-15,7.880113627076969e-28,-1.0,0.0
69.77233791351318,98.0,41.333333333333336,6.833333333333333,351.5,2.1666666666666665,2.4664031500903478e-14,7.880113627076969e-28,4.973799150320701e-14,-1.0,1.8940301327634177e-15,2.7470310528685824e-15,3.580520333994475e-15,7.880113627076969e-28,-1.0,0.0
74.90900206565857,108.0,49.666666666666664,6.833333333333333,351.5,2.1666666666666665,2.4664031500903478e-14,7.880113627076969e-28,4.973799150320701e-14,-1.0,1.8940301327634177e-15,2.757092099300291e-15,3.580520333994475e-15,7.880113627076969e-28,-1.0,0.0
80.01524496078491,119.0,51.666666666666664,6.833333333333333,347.6666666666667,2.3333333333333335,2.4664031500903478e-14,7.880113627076969e-28,4.796163466380676e-14,-1.0,1.8940301327634177e-15,2.757092099300291e-15,3.580520333994475e-15,7.880113627076969e-28,-1.0,0.0
85.27234387397766,131.0,56.666666666666664,6.833333333333333,347.1666666666667,2.3333333333333335,2.4664031500903478e-14,7.880113627076969e-28,4.796163466380676e-14,-1.0,1.8940301327634177e-15,2.8099189621408083e-15,3.580520333994475e-15,7.880113627076969e-28,-1.0,0.0
90.28984689712524,143.0,62.166666666666664,6.833333333333333,347.1666666666667,2.3333333333333335,2.4664031500903478e-14,7.880113627076969e-28,4.796163466380676e-14,-1.0,1.8940301327634177e-15,2.751749128018354e-15,3.580520333994475e-15,7.880113627076969e-28,-1.0,0.0
95.29148387908936,155.0,73.33333333333333,6.833333333333333,347.1666666666667,2.3333333333333335,2.4664031500903478e-14,7.880113627076969e-28,4.796163466380676e-14,-1.0,1.8940301327634177e-15,2.751749128018354e-15,3.580520333994475e-15,7.880113627076969e-28,-1.0,0.0
100.53421902656555,168.0,69.0,6.833333333333333,347.1666666666667,2.3333333333333335,2.4390745833303438e-14,7.756323146565364e-28,4.796163466380676e-14,-1.0,1.8621228569924704e-15,2.3007402436121936e-15,3.802403529948312e-15,7.756323146565364e-28,-1.0,0.0
105.69177103042603,181.0,82.0,6.833333333333333,347.1666666666667,2.3333333333333335,2.4390745833303438e-14,7.756323146565364e-28,4.796163466380676e-14,-1.0,1.8621228569924704e-15,2.3007402436121936e-15,3.802403529948312e-15,7.756323146565364e-28,-1.0,0.0
110.96745586395264,194.0,95.0,6.833333333333333,347.1666666666667,2.3333333333333335,2.4390745833303438e-14,7.756323146565364e-28,4.796163466380676e-14,-1.0,1.8621228569924704e-15,2.3007402436121936e-15,3.802403529948312e-15,7.756323146565364e-28,-1.0,0.0
116.34705805778503,207.0,108.0,6.833333333333333,347.1666666666667,2.3333333333333335,2.4390745833303438e-14,7.756323146565364e-28,4.796163466380676e-14,-1.0,1.8621228569924704e-15,2.3007402436121936e-15,3.802403529948312e-15,7.756323146565364e-28,-1.0,0.0
121.70476007461548,220.0,104.28571428571429,9.285714285714286,2.938400995216439e61,2.4285714285714284,2.3912495915003372e-14,7.548792046884144e-28,4.796163466380676e-14,-1.0,1.82895058774845e-15,2.3007402436121936e-15,3.530803277809147e-15,7.548792046884144e-28,-1.0,0.0
126.7797110080719,232.0,116.28571428571429,9.285714285714286,2.938400995216439e61,2.4285714285714284,2.3912495915003372e-14,7.548792046884144e-28,4.796163466380676e-14,-1.0,1.82895058774845e-15,2.3007402436121936e-15,3.530803277809147e-15,7.548792046884144e-28,-1.0,0.0
132.1011278629303,245.0,129.28571428571428,9.285714285714286,2.938400995216439e61,2.4285714285714284,2.3912495915003372e-14,7.548792046884144e-28,4.796163466380676e-14,-1.0,1.82895058774845e-15,2.3007402436121936e-15,3.530803277809147e-15,7.548792046884144e-28,-1.0,0.0
137.44492387771606,258.0,142.28571428571428,9.285714285714286,2.938400995216439e61,2.4285714285714284,2.3912495915003372e-14,7.548792046884144e-28,4.796163466380676e-14,-1.0,1.82895058774845e-15,2.3007402436121936e-15,3.530803277809147e-15,7.548792046884144e-28,-1.0,0.0
142.50513195991516,270.0,154.28571428571428,9.285714285714286,2.938400995216439e61,2.4285714285714284,2.3912495915003372e-14,7.548792046884144e-28,4.796163466380676e-14,-1.0,1.82895058774845e-15,2.3007402436121936e-15,3.530803277809147e-15,7.548792046884144e-28,-1.0,0.0
147.62843990325928,282.0,146.25,11.875,2.5711008708143844e61,2.875,2.3024317495303247e-14,7.513596714189668e-28,4.796163466380676e-14,-1.0,1.7587410482843396e-15,2.3007402436121936e-15,3.530803277809147e-15,7.513596714189668e-28,-1.0,0.0
153.08921599388123,294.0,158.25,11.875,2.5711008708143844e61,2.875,2.3024317495303247e-14,7.513596714189668e-28,4.796163466380676e-14,-1.0,1.7587410482843396e-15,2.3007402436121936e-15,3.530803277809147e-15,7.513596714189668e-28,-1.0,0.0
158.31004786491394,305.0,149.625,11.875,2.5711008708143844e61,2.875,2.3024317495303247e-14,7.513596714189668e-28,4.796163466380676e-14,-1.0,1.7587410482843396e-15,2.3007402436121936e-15,3.530803277809147e-15,7.513596714189668e-28,-1.0,0.0
163.3199999332428,315.0,159.625,11.875,2.5711008708143844e61,2.875,2.3024317495303247e-14,7.513596714189668e-28,4.796163466380676e-14,-1.0,1.7587410482843396e-15,2.3007402436121936e-15,3.530803277809147e-15,7.513596714189668e-28,-1.0,0.0
168.51246786117554,325.0,149.375,11.875,2.5711008708143844e61,2.875,2.3024317495303247e-14,7.513596714189668e-28,4.796163466380676e-14,-1.0,1.7587410482843396e-15,2.3007402436121936e-15,3.530803277809147e-15,7.513596714189668e-28,-1.0,0.0
173.8962550163269,335.0,159.375,11.875,2.5711008708143844e61,2.875,2.3024317495303247e-14,7.513596714189668e-28,4.796163466380676e-14,-1.0,1.7587410482843396e-15,2.3007402436121936e-15,3.530803277809147e-15,7.513596714189668e-28,-1.0,0.0
179.12677788734436,345.0,169.375,11.875,2.5711008708143844e61,2.875,2.3024317495303247e-14,7.513596714189668e-28,4.796163466380676e-14,-1.0,1.7587410482843396e-15,2.3007402436121936e-15,3.530803277809147e-15,7.513596714189668e-28,-1.0,0.0
184.462543964386,355.0,179.375,11.875,2.5711008708143844e61,2.875,2.3024317495303247e-14,7.513596714189668e-28,4.796163466380676e-14,-1.0,1.7587410482843396e-15,2.3007402436121936e-15,3.530803277809147e-15,7.513596714189668e-28,-1.0,0.0
189.86176705360413,365.0,168.66666666666666,13.0,2.2854229962794527e61,3.0,2.3024317495303247e-14,7.513596714189668e-28,4.796163466380676e-14,-1.0,1.7587410482843396e-15,2.3007402436121936e-15,3.530803277809147e-15,7.513596714189668e-28,-1.0,0.0
195.23592400550842,375.0,177.33333333333334,13.0,2.2854229962794527e61,3.0,2.3024317495303247e-14,7.513596714189668e-28,4.618527782440651e-14,-1.0,1.7587410482843396e-15,2.3007402436121936e-15,3.530803277809147e-15,7.513596714189668e-28,-1.0,0.0
200.63262605667114,385.0,187.0,12.88888888888889,1.9974368165136842e307,3.0,2.3024317495303247e-14,7.513596714189668e-28,4.796163466380676e-14,-1.0,1.7587410482843396e-15,2.3007402436121936e-15,3.530803277809147e-15,7.513596714189668e-28,-1.0,0.0
206.08834290504456,395.0,197.0,12.88888888888889,1.9974368165136842e307,3.0,2.3024317495303247e-14,7.513596714189668e-28,4.796163466380676e-14,-1.0,1.7587410482843396e-15,2.3007402436121936e-15,3.530803277809147e-15,7.513596714189668e-28,-1.0,0.0
211.5705759525299,405.0,207.0,12.88888888888889,1.9974368165136842e307,3.0,2.3024317495303247e-14,7.513596714189668e-28,4.796163466380676e-14,-1.0,1.7587410482843396e-15,2.3007402436121936e-15,3.530803277809147e-15,7.513596714189668e-28,-1.0,0.0
216.83184003829956,415.0,217.0,12.88888888888889,1.9974368165136842e307,3.0,2.3024317495303247e-14,7.513596714189668e-28,4.796163466380676e-14,-1.0,1.7587410482843396e-15,2.3007402436121936e-15,3.530803277809147e-15,7.513596714189668e-28,-1.0,0.0
222.09150791168213,425.0,227.0,12.88888888888889,1.9974368165136842e307,3.0,2.3024317495303247e-14,7.513596714189668e-28,4.796163466380676e-14,-1.0,1.7587410482843396e-15,2.3007402436121936e-15,3.530803277809147e-15,7.513596714189668e-28,-1.0,0.0
227.4294090270996,435.0,196.33333333333334,12.222222222222221,1.9974368165136842e307,3.2222222222222223,2.240942474320316e-14,7.315774671803475e-28,4.618527782440651e-14,-1.0,1.7065811440522493e-15,2.3007402436121936e-15,3.259203025669982e-15,7.315774671803475e-28,-1.0,0.0
232.7094910144806,445.0,206.33333333333334,12.222222222222221,1.9974368165136842e307,3.2222222222222223,2.240942474320316e-14,7.315774671803475e-28,4.618527782440651e-14,-1.0,1.7065811440522493e-15,2.3007402436121936e-15,3.259203025669982e-15,7.315774671803475e-28,-1.0,0.0
237.94476294517517,455.0,216.33333333333334,12.222222222222221,1.9974368165136842e307,3.2222222222222223,2.240942474320316e-14,7.315774671803475e-28,4.618527782440651e-14,-1.0,1.7065811440522493e-15,2.3007402436121936e-15,3.259203025669982e-15,7.315774671803475e-28,-1.0,0.0
243.18917298316956,465.0,226.33333333333334,12.222222222222221,1.9974368165136842e307,3.2222222222222223,2.240942474320316e-14,7.315774671803475e-28,4.618527782440651e-14,-1.0,1.7065811440522493e-15,2.3007402436121936e-15,3.259203025669982e-15,7.315774671803475e-28,-1.0,0.0
248.47356486320496,475.0,213.3,12.6,1.7976931348623158e307,3.3,2.240942474320316e-14,7.315774671803475e-28,4.618527782440651e-14,-1.0,1.7065811440522493e-15,2.3007402436121936e-15,3.259203025669982e-15,7.315774671803475e-28,-1.0,0.0
253.7324469089508,485.0,234.66666666666666,11.333333333333334,1.9974368165136842e307,3.111111111111111,2.240942474320316e-14,7.315774671803475e-28,4.618527782440651e-14,-1.0,1.7065811440522493e-15,2.3007402436121936e-15,3.259203025669982e-15,7.315774671803475e-28,-1.0,0.0
259.0174858570099,495.0,200.45454545454547,12.818181818181818,1.6342664862384688e307,3.3636363636363638,2.240942474320316e-14,7.315774671803475e-28,4.618527782440651e-14,-1.0,1.7065811440522493e-15,2.3007402436121936e-15,3.259203025669982e-15,7.315774671803475e-28,-1.0,0.0
264.18884897232056,505.0,247.55555555555554,11.0,Inf,2.888888888888889,2.240942474320316e-14,7.315774671803475e-28,4.618527782440651e-14,-1.0,1.7065811440522493e-15,2.3007402436121936e-15,3.530803277809147e-15,7.315774671803475e-28,-1.0,0.0
269.3762390613556,515.0,257.55555555555554,11.0,Inf,2.888888888888889,2.240942474320316e-14,7.315774671803475e-28,4.618527782440651e-14,-1.0,1.7065811440522493e-15,2.3007402436121936e-15,3.530803277809147e-15,7.315774671803475e-28,-1.0,0.0
274.4417259693146,525.0,267.55555555555554,11.0,Inf,2.888888888888889,2.240942474320316e-14,7.315774671803475e-28,4.618527782440651e-14,-1.0,1.7065811440522493e-15,2.3007402436121936e-15,3.530803277809147e-15,7.315774671803475e-28,-1.0,0.0
279.8444619178772,536.0,295.0,8.5,2.2471164185778946e307,2.625,2.3365924579803294e-14,7.221111363176954e-28,4.618527782440651e-14,-1.0,1.7957893000128837e-15,2.3007402436121936e-15,3.123402899600399e-15,7.221111363176954e-28,-1.0,0.0
285.2818739414215,547.0,306.0,8.5,2.2471164185778946e307,2.625,2.3365924579803294e-14,7.221111363176954e-28,4.618527782440651e-14,-1.0,1.7957893000128837e-15,2.3007402436121936e-15,3.123402899600399e-15,7.221111363176954e-28,-1.0,0.0
290.52765798568726,558.0,317.0,8.5,2.2471164185778946e307,2.625,2.3365924579803294e-14,7.221111363176954e-28,4.618527782440651e-14,-1.0,1.7957893000128837e-15,2.3007402436121936e-15,3.123402899600399e-15,7.221111363176954e-28,-1.0,0.0
295.7975869178772,569.0,328.0,8.5,2.2471164185778946e307,2.625,2.3365924579803294e-14,7.221111363176954e-28,4.618527782440651e-14,-1.0,1.7957893000128837e-15,2.3007402436121936e-15,3.123402899600399e-15,7.221111363176954e-28,-1.0,0.0
301.0737159252167,580.0,339.0,8.5,2.2471164185778946e307,2.625,2.3365924579803294e-14,7.221111363176954e-28,4.618527782440651e-14,-1.0,1.7957893000128837e-15,2.3007402436121936e-15,3.123402899600399e-15,7.221111363176954e-28,-1.0,0.0
306.30592489242554,591.0,314.0,8.5,2.2471164185778946e307,2.625,2.3365924579803294e-14,7.221111363176954e-28,4.618527782440651e-14,-1.0,1.7957893000128837e-15,2.3007402436121936e-15,3.123402899600399e-15,7.221111363176954e-28,-1.0,0.0
311.5115568637848,602.0,325.0,8.5,2.2471164185778946e307,2.625,2.3365924579803294e-14,7.221111363176954e-28,4.618527782440651e-14,-1.0,1.7957893000128837e-15,2.3007402436121936e-15,3.123402899600399e-15,7.221111363176954e-28,-1.0,0.0
316.6512379646301,613.0,299.5,8.5,2.2471164185778946e307,2.625,2.3365924579803294e-14,7.221111363176954e-28,4.618527782440651e-14,-1.0,1.7957893000128837e-15,2.3007402436121936e-15,3.123402899600399e-15,7.221111363176954e-28,-1.0,0.0
321.673378944397,624.0,310.5,8.5,2.2471164185778946e307,2.625,2.3365924579803294e-14,7.221111363176954e-28,4.618527782440651e-14,-1.0,1.7957893000128837e-15,2.3007402436121936e-15,3.123402899600399e-15,7.221111363176954e-28,-1.0,0.0
327.1173119544983,636.0,278.7142857142857,7.857142857142857,590.5714285714286,2.5714285714285716,2.3365924579803294e-14,7.221111363176954e-28,4.618527782440651e-14,-1.0,1.7957893000128837e-15,2.467531842367809e-15,3.123402899600399e-15,7.221111363176954e-28,-1.0,0.0
332.4360189437866,648.0,290.7142857142857,7.857142857142857,590.5714285714286,2.5714285714285716,2.3365924579803294e-14,7.221111363176954e-28,4.618527782440651e-14,-1.0,1.7957893000128837e-15,2.467531842367809e-15,3.123402899600399e-15,7.221111363176954e-28,-1.0,0.0
337.78671288490295,660.0,302.7142857142857,7.857142857142857,590.5714285714286,2.5714285714285716,2.3365924579803294e-14,7.221111363176954e-28,4.618527782440651e-14,-1.0,1.7957893000128837e-15,2.467531842367809e-15,3.123402899600399e-15,7.221111363176954e-28,-1.0,0.0
343.1029829978943,672.0,314.7142857142857,7.857142857142857,590.5714285714286,2.5714285714285716,2.3365924579803294e-14,7.221111363176954e-28,4.618527782440651e-14,-1.0,1.7957893000128837e-15,2.467531842367809e-15,3.123402899600399e-15,7.221111363176954e-28,-1.0,0.0
348.37148690223694,684.0,326.7142857142857,7.857142857142857,590.5714285714286,2.5714285714285716,2.3365924579803294e-14,7.221111363176954e-28,4.618527782440651e-14,-1.0,1.7957893000128837e-15,2.467531842367809e-15,3.123402899600399e-15,7.221111363176954e-28,-1.0,0.0
353.8241639137268,696.0,338.7142857142857,7.857142857142857,590.5714285714286,2.5714285714285716,2.3365924579803294e-14,7.221111363176954e-28,4.618527782440651e-14,-1.0,1.7957893000128837e-15,2.467531842367809e-15,3.123402899600399e-15,7.221111363176954e-28,-1.0,0.0
359.26457500457764,708.0,350.7142857142857,7.857142857142857,590.5714285714286,2.5714285714285716,2.3365924579803294e-14,7.221111363176954e-28,4.618527782440651e-14,-1.0,1.7957893000128837e-15,2.467531842367809e-15,3.123402899600399e-15,7.221111363176954e-28,-1.0,0.0
364.3705680370331,719.0,361.7142857142857,7.857142857142857,590.5714285714286,2.5714285714285716,2.3365924579803294e-14,7.221111363176954e-28,4.618527782440651e-14,-1.0,1.7957893000128837e-15,2.467531842367809e-15,3.123402899600399e-15,7.221111363176954e-28,-1.0,0.0
369.43047189712524,730.0,372.7142857142857,7.857142857142857,590.5714285714286,2.5714285714285716,2.3365924579803294e-14,7.221111363176954e-28,4.618527782440651e-14,-1.0,1.7957893000128837e-15,2.467531842367809e-15,3.123402899600399e-15,7.221111363176954e-28,-1.0,0.0
374.529088973999,741.0,383.7142857142857,7.857142857142857,590.5714285714286,2.5714285714285716,2.3365924579803294e-14,7.221111363176954e-28,4.618527782440651e-14,-1.0,1.7957893000128837e-15,2.467531842367809e-15,3.123402899600399e-15,7.221111363176954e-28,-1.0,0.0
379.61531686782837,752.0,394.7142857142857,7.857142857142857,590.5714285714286,2.5714285714285716,2.3365924579803294e-14,7.221111363176954e-28,4.618527782440651e-14,-1.0,1.7957893000128837e-15,2.467531842367809e-15,3.123402899600399e-15,7.221111363176954e-28,-1.0,0.0
384.68548488616943,763.0,405.7142857142857,7.857142857142857,590.5714285714286,2.5714285714285716,2.3365924579803294e-14,7.221111363176954e-28,4.618527782440651e-14,-1.0,1.7957893000128837e-15,2.467531842367809e-15,3.123402899600399e-15,7.221111363176954e-28,-1.0,0.0
390.14100408554077,775.0,417.7142857142857,7.857142857142857,590.5714285714286,2.5714285714285716,2.3365924579803294e-14,7.221111363176954e-28,4.618527782440651e-14,-1.0,1.7957893000128837e-15,2.467531842367809e-15,3.123402899600399e-15,7.221111363176954e-28,-1.0,0.0
395.54918098449707,787.0,429.7142857142857,7.857142857142857,590.5714285714286,2.5714285714285716,2.3365924579803294e-14,7.221111363176954e-28,4.618527782440651e-14,-1.0,1.7957893000128837e-15,2.467531842367809e-15,3.123402899600399e-15,7.221111363176954e-28,-1.0,0.0
400.89294385910034,799.0,386.625,9.875,262661.0,2.875,2.3160960329103265e-14,7.083970928884686e-28,4.618527782440651e-14,-1.0,1.7776715022325194e-15,2.467531842367809e-15,3.123402899600399e-15,7.083970928884686e-28,-1.0,0.0
406.2819490432739,811.0,398.625,9.875,262661.0,2.875,2.3160960329103265e-14,7.083970928884686e-28,4.618527782440651e-14,-1.0,1.7776715022325194e-15,2.467531842367809e-15,3.123402899600399e-15,7.083970928884686e-28,-1.0,0.0
411.3015148639679,822.0,409.625,9.875,262661.0,2.875,2.3160960329103265e-14,7.083970928884686e-28,4.618527782440651e-14,-1.0,1.7776715022325194e-15,2.467531842367809e-15,3.123402899600399e-15,7.083970928884686e-28,-1.0,0.0
416.3123140335083,833.0,420.625,9.875,262661.0,2.875,2.3160960329103265e-14,7.083970928884686e-28,4.618527782440651e-14,-1.0,1.7776715022325194e-15,2.467531842367809e-15,3.123402899600399e-15,7.083970928884686e-28,-1.0,0.0
421.77972292900085,845.0,444.42857142857144,7.857142857142857,590.5714285714286,2.5714285714285716,2.275103182770321e-14,7.028143849438276e-28,4.618527782440651e-14,-1.0,1.737946081775137e-15,2.4290481810256224e-15,3.3929568839958463e-15,7.028143849438276e-28,-1.0,0.0
426.8365888595581,856.0,455.42857142857144,7.857142857142857,590.5714285714286,2.5714285714285716,2.275103182770321e-14,7.028143849438276e-28,4.618527782440651e-14,-1.0,1.737946081775137e-15,2.4290481810256224e-15,3.3929568839958463e-15,7.028143849438276e-28,-1.0,0.0
431.9628109931946,867.0,466.42857142857144,7.857142857142857,590.5714285714286,2.5714285714285716,2.275103182770321e-14,7.028143849438276e-28,4.618527782440651e-14,-1.0,1.737946081775137e-15,2.4290481810256224e-15,3.3929568839958463e-15,7.028143849438276e-28,-1.0,0.0
437.0106999874115,878.0,477.42857142857144,7.857142857142857,590.5714285714286,2.5714285714285716,2.275103182770321e-14,7.028143849438276e-28,4.618527782440651e-14,-1.0,1.737946081775137e-15,2.4290481810256224e-15,3.3929568839958463e-15,7.028143849438276e-28,-1.0,0.0
442.0499658584595,889.0,488.42857142857144,7.857142857142857,590.5714285714286,2.5714285714285716,2.275103182770321e-14,7.028143849438276e-28,4.618527782440651e-14,-1.0,1.737946081775137e-15,2.4290481810256224e-15,3.3929568839958463e-15,7.028143849438276e-28,-1.0,0.0
447.10058307647705,900.0,438.125,8.5,2.2471164185778946e307,2.625,2.275103182770321e-14,7.028143849438276e-28,4.618527782440651e-14,-1.0,1.737946081775137e-15,2.4290481810256224e-15,3.3929568839958463e-15,7.028143849438276e-28,-1.0,0.0
452.19853591918945,911.0,449.125,8.5,2.2471164185778946e307,2.625,2.275103182770321e-14,7.028143849438276e-28,4.618527782440651e-14,-1.0,1.737946081775137e-15,2.4290481810256224e-15,3.3929568839958463e-15,7.028143849438276e-28,-1.0,0.0
457.3428518772125,922.0,460.125,8.5,2.2471164185778946e307,2.625,2.275103182770321e-14,7.028143849438276e-28,4.618527782440651e-14,-1.0,1.737946081775137e-15,2.4290481810256224e-15,3.3929568839958463e-15,7.028143849438276e-28,-1.0,0.0
462.4186780452728,933.0,471.125,8.5,2.2471164185778946e307,2.625,2.275103182770321e-14,7.028143849438276e-28,4.618527782440651e-14,-1.0,1.737946081775137e-15,2.4290481810256224e-15,3.3929568839958463e-15,7.028143849438276e-28,-1.0,0.0
467.5000340938568,944.0,482.125,8.5,2.2471164185778946e307,2.625,2.275103182770321e-14,7.028143849438276e-28,4.618527782440651e-14,-1.0,1.737946081775137e-15,2.4290481810256224e-15,3.3929568839958463e-15,7.028143849438276e-28,-1.0,0.0
472.7491080760956,955.0,493.125,8.5,2.2471164185778946e307,2.625,2.275103182770321e-14,7.028143849438276e-28,4.618527782440651e-14,-1.0,1.737946081775137e-15,2.4290481810256224e-15,3.3929568839958463e-15,7.028143849438276e-28,-1.0,0.0
477.8040909767151,966.0,504.125,8.5,2.2471164185778946e307,2.625,2.275103182770321e-14,7.028143849438276e-28,4.618527782440651e-14,-1.0,1.737946081775137e-15,2.4290481810256224e-15,3.3929568839958463e-15,7.028143849438276e-28,-1.0,0.0
482.91490602493286,977.0,515.125,8.5,2.2471164185778946e307,2.625,2.275103182770321e-14,7.028143849438276e-28,4.618527782440651e-14,-1.0,1.737946081775137e-15,2.4290481810256224e-15,3.3929568839958463e-15,7.028143849438276e-28,-1.0,0.0
487.9272720813751,988.0,468.1111111111111,8.333333333333334,1.9974368165136842e307,2.5555555555555554,2.275103182770321e-14,7.028143849438276e-28,4.618527782440651e-14,-1.0,1.737946081775137e-15,2.4290481810256224e-15,3.3929568839958463e-15,7.028143849438276e-28,-1.0,0.0
492.94296193122864,999.0,479.1111111111111,8.333333333333334,1.9974368165136842e307,2.5555555555555554,2.275103182770321e-14,7.028143849438276e-28,4.618527782440651e-14,-1.0,1.737946081775137e-15,2.4290481810256224e-15,3.3929568839958463e-15,7.028143849438276e-28,-1.0,0.0
498.01012992858887,1010.0,490.1111111111111,8.333333333333334,1.9974368165136842e307,2.5555555555555554,2.275103182770321e-14,7.028143849438276e-28,4.618527782440651e-14,-1.0,1.737946081775137e-15,2.4290481810256224e-15,3.3929568839958463e-15,7.028143849438276e-28,-1.0,0.0
503.4184379577637,1022.0,502.1111111111111,8.333333333333334,1.9974368165136842e307,2.5555555555555554,2.275103182770321e-14,7.028143849438276e-28,4.618527782440651e-14,-1.0,1.737946081775137e-15,2.4290481810256224e-15,3.3929568839958463e-15,7.028143849438276e-28,-1.0,0.0
508.84387397766113,1034.0,514.1111111111111,8.333333333333334,1.9974368165136842e307,2.5555555555555554,2.275103182770321e-14,7.028143849438276e-28,4.618527782440651e-14,-1.0,1.737946081775137e-15,2.4290481810256224e-15,3.3929568839958463e-15,7.028143849438276e-28,-1.0,0.0
514.1595768928528,1046.0,526.1111111111111,8.333333333333334,1.9974368165136842e307,2.5555555555555554,2.275103182770321e-14,7.028143849438276e-28,4.618527782440651e-14,-1.0,1.737946081775137e-15,2.4290481810256224e-15,3.3929568839958463e-15,7.028143849438276e-28,-1.0,0.0
519.5172779560089,1058.0,538.1111111111111,8.333333333333334,1.9974368165136842e307,2.5555555555555554,2.275103182770321e-14,7.028143849438276e-28,4.618527782440651e-14,-1.0,1.737946081775137e-15,2.4290481810256224e-15,3.3929568839958463e-15,7.028143849438276e-28,-1.0,0.0
524.744973897934,1070.0,550.1111111111111,8.333333333333334,1.9974368165136842e307,2.5555555555555554,2.275103182770321e-14,7.028143849438276e-28,4.618527782440651e-14,-1.0,1.737946081775137e-15,2.4290481810256224e-15,3.3929568839958463e-15,7.028143849438276e-28,-1.0,0.0
529.9912569522858,1082.0,562.1111111111111,8.333333333333334,1.9974368165136842e307,2.5555555555555554,2.275103182770321e-14,7.028143849438276e-28,4.618527782440651e-14,-1.0,1.737946081775137e-15,2.4290481810256224e-15,3.3929568839958463e-15,7.028143849438276e-28,-1.0,0.0
535.2453279495239,1094.0,574.1111111111111,8.333333333333334,1.9974368165136842e307,2.5555555555555554,2.275103182770321e-14,7.028143849438276e-28,4.618527782440651e-14,-1.0,1.737946081775137e-15,2.4290481810256224e-15,3.3929568839958463e-15,7.028143849438276e-28,-1.0,0.0
540.4422039985657,1106.0,586.1111111111111,8.333333333333334,1.9974368165136842e307,2.5555555555555554,2.275103182770321e-14,7.028143849438276e-28,4.618527782440651e-14,-1.0,1.737946081775137e-15,2.4290481810256224e-15,3.3929568839958463e-15,7.028143849438276e-28,-1.0,0.0
545.586755990982,1118.0,539.4,10.2,Inf,2.9,2.1931174824903093e-14,6.916489690545455e-28,4.618527782440651e-14,-1.0,1.6692938901232282e-15,2.4151268585237285e-15,3.3929568839958463e-15,6.916489690545455e-28,-1.0,0.0
550.6765239238739,1130.0,551.4,10.2,Inf,2.9,2.1931174824903093e-14,6.916489690545455e-28,4.618527782440651e-14,-1.0,1.6692938901232282e-15,2.4151268585237285e-15,3.3929568839958463e-15,6.916489690545455e-28,-1.0,0.0
555.7332758903503,1142.0,550.125,10.875,Inf,3.0,2.1931174824903093e-14,6.916489690545455e-28,4.618527782440651e-14,-1.0,1.6692938901232282e-15,2.4151268585237285e-15,3.3929568839958463e-15,6.916489690545455e-28,-1.0,0.0
561.1266388893127,1155.0,563.125,10.875,Inf,3.0,2.1931174824903093e-14,6.916489690545455e-28,4.618527782440651e-14,-1.0,1.6692938901232282e-15,2.4151268585237285e-15,3.3929568839958463e-15,6.916489690545455e-28,-1.0,0.0
566.3771839141846,1168.0,576.125,10.875,Inf,3.0,2.1931174824903093e-14,6.916489690545455e-28,4.618527782440651e-14,-1.0,1.6692938901232282e-15,2.4151268585237285e-15,3.3929568839958463e-15,6.916489690545455e-28,-1.0,0.0
571.668967962265,1181.0,589.125,10.875,Inf,3.0,2.1931174824903093e-14,6.916489690545455e-28,4.618527782440651e-14,-1.0,1.6692938901232282e-15,2.4151268585237285e-15,3.3929568839958463e-15,6.916489690545455e-28,-1.0,0.0
576.8543238639832,1194.0,602.125,10.875,Inf,3.0,2.1931174824903093e-14,6.916489690545455e-28,4.618527782440651e-14,-1.0,1.6692938901232282e-15,2.4151268585237285e-15,3.3929568839958463e-15,6.916489690545455e-28,-1.0,0.0
582.0422739982605,1207.0,615.125,10.875,Inf,3.0,2.1931174824903093e-14,6.916489690545455e-28,4.618527782440651e-14,-1.0,1.6692938901232282e-15,2.4151268585237285e-15,3.3929568839958463e-15,6.916489690545455e-28,-1.0,0.0
587.0682280063629,1220.0,628.125,10.875,Inf,3.0,2.1931174824903093e-14,6.916489690545455e-28,4.618527782440651e-14,-1.0,1.6692938901232282e-15,2.4151268585237285e-15,3.3929568839958463e-15,6.916489690545455e-28,-1.0,0.0
592.0784769058228,1233.0,641.125,10.875,Inf,3.0,2.1931174824903093e-14,6.916489690545455e-28,4.618527782440651e-14,-1.0,1.6692938901232282e-15,2.4151268585237285e-15,3.3929568839958463e-15,6.916489690545455e-28,-1.0,0.0
597.4481279850006,1247.0,655.125,10.875,Inf,3.0,2.1931174824903093e-14,6.916489690545455e-28,4.618527782440651e-14,-1.0,1.6692938901232282e-15,2.4151268585237285e-15,3.3929568839958463e-15,6.916489690545455e-28,-1.0,0.0
602.6670119762421,1261.0,669.125,10.875,Inf,3.0,2.1931174824903093e-14,6.916489690545455e-28,4.618527782440651e-14,-1.0,1.6692938901232282e-15,2.4151268585237285e-15,3.3929568839958463e-15,6.916489690545455e-28,-1.0,0.0
607.8338620662689,1275.0,683.125,10.875,Inf,3.0,2.1931174824903093e-14,6.916489690545455e-28,4.618527782440651e-14,-1.0,1.6692938901232282e-15,2.4151268585237285e-15,3.3929568839958463e-15,6.916489690545455e-28,-1.0,0.0
613.0310530662537,1289.0,697.125,10.875,Inf,3.0,2.1931174824903093e-14,6.916489690545455e-28,4.618527782440651e-14,-1.0,1.6692938901232282e-15,2.4151268585237285e-15,3.3929568839958463e-15,6.916489690545455e-28,-1.0,0.0
618.165610074997,1303.0,711.125,10.875,Inf,3.0,2.1931174824903093e-14,6.916489690545455e-28,4.618527782440651e-14,-1.0,1.6692938901232282e-15,2.4151268585237285e-15,3.3929568839958463e-15,6.916489690545455e-28,-1.0,0.0
623.2994649410248,1317.0,725.125,10.875,Inf,3.0,2.1931174824903093e-14,6.916489690545455e-28,4.618527782440651e-14,-1.0,1.6692938901232282e-15,2.4151268585237285e-15,3.3929568839958463e-15,6.916489690545455e-28,-1.0,0.0
628.3278560638428,1331.0,739.125,10.875,Inf,3.0,2.1931174824903093e-14,6.916489690545455e-28,4.618527782440651e-14,-1.0,1.6692938901232282e-15,2.4151268585237285e-15,3.3929568839958463e-15,6.916489690545455e-28,-1.0,0.0
633.4168360233307,1345.0,753.125,10.875,Inf,3.0,2.1931174824903093e-14,6.916489690545455e-28,4.618527782440651e-14,-1.0,1.6692938901232282e-15,2.4151268585237285e-15,3.3929568839958463e-15,6.916489690545455e-28,-1.0,0.0
638.455148935318,1359.0,767.125,10.875,Inf,3.0,2.1931174824903093e-14,6.916489690545455e-28,4.618527782440651e-14,-1.0,1.6692938901232282e-15,2.4151268585237285e-15,3.3929568839958463e-15,6.916489690545455e-28,-1.0,0.0
643.7825300693512,1374.0,782.125,10.875,Inf,3.0,2.1931174824903093e-14,6.916489690545455e-28,4.618527782440651e-14,-1.0,1.6692938901232282e-15,2.4151268585237285e-15,3.3929568839958463e-15,6.916489690545455e-28,-1.0,0.0
649.0174210071564,1389.0,797.125,10.875,Inf,3.0,2.1931174824903093e-14,6.916489690545455e-28,4.618527782440651e-14,-1.0,1.6692938901232282e-15,2.4151268585237285e-15,3.3929568839958463e-15,6.916489690545455e-28,-1.0,0.0
654.2076280117035,1404.0,812.125,10.875,Inf,3.0,2.1931174824903093e-14,6.916489690545455e-28,4.618527782440651e-14,-1.0,1.6692938901232282e-15,2.4151268585237285e-15,3.3929568839958463e-15,6.916489690545455e-28,-1.0,0.0
659.4376769065857,1419.0,827.125,10.875,Inf,3.0,2.1931174824903093e-14,6.916489690545455e-28,4.618527782440651e-14,-1.0,1.6692938901232282e-15,2.4151268585237285e-15,3.3929568839958463e-15,6.916489690545455e-28,-1.0,0.0
664.6070790290833,1434.0,842.125,10.875,Inf,3.0,2.1931174824903093e-14,6.916489690545455e-28,4.618527782440651e-14,-1.0,1.6692938901232282e-15,2.4151268585237285e-15,3.3929568839958463e-15,6.916489690545455e-28,-1.0,0.0
669.7049970626831,1449.0,857.125,10.875,Inf,3.0,2.1931174824903093e-14,6.916489690545455e-28,4.618527782440651e-14,-1.0,1.6692938901232282e-15,2.4151268585237285e-15,3.3929568839958463e-15,6.916489690545455e-28,-1.0,0.0
675.0287339687347,1465.0,829.75,9.625,2.2471164185778946e307,2.875,2.1589567740403043e-14,6.895857943793522e-28,4.618527782440651e-14,-1.0,1.6414851147589518e-15,2.4290481810256224e-15,3.3929568839958463e-15,6.895857943793522e-28,-1.0,0.0
680.3029930591583,1481.0,845.75,9.625,2.2471164185778946e307,2.875,2.1589567740403043e-14,6.895857943793522e-28,4.618527782440651e-14,-1.0,1.6414851147589518e-15,2.4290481810256224e-15,3.3929568839958463e-15,6.895857943793522e-28,-1.0,0.0
685.5829060077667,1497.0,861.75,9.625,2.2471164185778946e307,2.875,2.1589567740403043e-14,6.895857943793522e-28,4.618527782440651e-14,-1.0,1.6414851147589518e-15,2.4290481810256224e-15,3.3929568839958463e-15,6.895857943793522e-28,-1.0,0.0
690.8335189819336,1513.0,877.75,9.625,2.2471164185778946e307,2.875,2.1589567740403043e-14,6.895857943793522e-28,4.618527782440651e-14,-1.0,1.6414851147589518e-15,2.4290481810256224e-15,3.3929568839958463e-15,6.895857943793522e-28,-1.0,0.0
696.1485328674316,1529.0,893.75,9.625,2.2471164185778946e307,2.875,2.1589567740403043e-14,6.895857943793522e-28,4.618527782440651e-14,-1.0,1.6414851147589518e-15,2.4290481810256224e-15,3.3929568839958463e-15,6.895857943793522e-28,-1.0,0.0
701.4393560886383,1545.0,909.75,9.625,2.2471164185778946e307,2.875,2.1589567740403043e-14,6.895857943793522e-28,4.618527782440651e-14,-1.0,1.6414851147589518e-15,2.4290481810256224e-15,3.3929568839958463e-15,6.895857943793522e-28,-1.0,0.0
706.4406628608704,1560.0,924.75,9.625,2.2471164185778946e307,2.875,2.1589567740403043e-14,6.895857943793522e-28,4.618527782440651e-14,-1.0,1.6414851147589518e-15,2.4290481810256224e-15,3.3929568839958463e-15,6.895857943793522e-28,-1.0,0.0
711.6896979808807,1576.0,940.75,9.625,2.2471164185778946e307,2.875,2.1589567740403043e-14,6.895857943793522e-28,4.618527782440651e-14,-1.0,1.6414851147589518e-15,2.4290481810256224e-15,3.3929568839958463e-15,6.895857943793522e-28,-1.0,0.0
717.0068318843842,1592.0,956.75,9.625,2.2471164185778946e307,2.875,2.1589567740403043e-14,6.895857943793522e-28,4.618527782440651e-14,-1.0,1.6414851147589518e-15,2.4290481810256224e-15,3.3929568839958463e-15,6.895857943793522e-28,-1.0,0.0
722.0824720859528,1607.0,971.75,9.625,2.2471164185778946e307,2.875,2.1589567740403043e-14,6.895857943793522e-28,4.618527782440651e-14,-1.0,1.6414851147589518e-15,2.4290481810256224e-15,3.3929568839958463e-15,6.895857943793522e-28,-1.0,0.0
727.0887129306793,1622.0,986.75,9.625,2.2471164185778946e307,2.875,2.1589567740403043e-14,6.895857943793522e-28,4.618527782440651e-14,-1.0,1.6414851147589518e-15,2.4290481810256224e-15,3.3929568839958463e-15,6.895857943793522e-28,-1.0,0.0
732.4125940799713,1638.0,1002.75,9.625,2.2471164185778946e307,2.875,2.1589567740403043e-14,6.895857943793522e-28,4.618527782440651e-14,-1.0,1.6414851147589518e-15,2.4290481810256224e-15,3.3929568839958463e-15,6.895857943793522e-28,-1.0,0.0
737.4453549385071,1653.0,1017.75,9.625,2.2471164185778946e307,2.875,2.1589567740403043e-14,6.895857943793522e-28,4.618527782440651e-14,-1.0,1.6414851147589518e-15,2.4290481810256224e-15,3.3929568839958463e-15,6.895857943793522e-28,-1.0,0.0
742.4600069522858,1668.0,1032.75,9.625,2.2471164185778946e307,2.875,2.1589567740403043e-14,6.895857943793522e-28,4.618527782440651e-14,-1.0,1.6414851147589518e-15,2.4290481810256224e-15,3.3929568839958463e-15,6.895857943793522e-28,-1.0,0.0
747.525563955307,1683.0,1047.75,9.625,2.2471164185778946e307,2.875,2.1589567740403043e-14,6.895857943793522e-28,4.618527782440651e-14,-1.0,1.6414851147589518e-15,2.4290481810256224e-15,3.3929568839958463e-15,6.895857943793522e-28,-1.0,0.0
752.708281993866,1699.0,1063.75,9.625,2.2471164185778946e307,2.875,2.1589567740403043e-14,6.895857943793522e-28,4.618527782440651e-14,-1.0,1.6414851147589518e-15,2.4290481810256224e-15,3.3929568839958463e-15,6.895857943793522e-28,-1.0,0.0
757.981929063797,1715.0,1079.75,9.625,2.2471164185778946e307,2.875,2.1589567740403043e-14,6.895857943793522e-28,4.618527782440651e-14,-1.0,1.6414851147589518e-15,2.4290481810256224e-15,3.3929568839958463e-15,6.895857943793522e-28,-1.0,0.0
762.983521938324,1730.0,1094.75,9.625,2.2471164185778946e307,2.875,2.1589567740403043e-14,6.895857943793522e-28,4.618527782440651e-14,-1.0,1.6414851147589518e-15,2.4290481810256224e-15,3.3929568839958463e-15,6.895857943793522e-28,-1.0,0.0
768.2786939144135,1746.0,1110.75,9.625,2.2471164185778946e307,2.875,2.1589567740403043e-14,6.895857943793522e-28,4.618527782440651e-14,-1.0,1.6414851147589518e-15,2.4290481810256224e-15,3.3929568839958463e-15,6.895857943793522e-28,-1.0,0.0
773.5672318935394,1762.0,1126.75,9.625,2.2471164185778946e307,2.875,2.1589567740403043e-14,6.895857943793522e-28,4.618527782440651e-14,-1.0,1.6414851147589518e-15,2.4290481810256224e-15,3.3929568839958463e-15,6.895857943793522e-28,-1.0,0.0
778.6292049884796,1777.0,1141.75,9.625,2.2471164185778946e307,2.875,2.1589567740403043e-14,6.895857943793522e-28,4.618527782440651e-14,-1.0,1.6414851147589518e-15,2.4290481810256224e-15,3.3929568839958463e-15,6.895857943793522e-28,-1.0,0.0
783.6375539302826,1792.0,1156.75,9.625,2.2471164185778946e307,2.875,2.1589567740403043e-14,6.895857943793522e-28,4.618527782440651e-14,-1.0,1.6414851147589518e-15,2.4290481810256224e-15,3.3929568839958463e-15,6.895857943793522e-28,-1.0,0.0
788.9419350624084,1808.0,1172.75,9.625,2.2471164185778946e307,2.875,2.1589567740403043e-14,6.895857943793522e-28,4.618527782440651e-14,-1.0,1.6414851147589518e-15,2.4290481810256224e-15,3.3929568839958463e-15,6.895857943793522e-28,-1.0,0.0
794.2788259983063,1824.0,1188.75,9.625,2.2471164185778946e307,2.875,2.1589567740403043e-14,6.895857943793522e-28,4.618527782440651e-14,-1.0,1.6414851147589518e-15,2.4290481810256224e-15,3.3929568839958463e-15,6.895857943793522e-28,-1.0,0.0
799.594309091568,1840.0,1204.75,9.625,2.2471164185778946e307,2.875,2.1589567740403043e-14,6.895857943793522e-28,4.618527782440651e-14,-1.0,1.6414851147589518e-15,2.4290481810256224e-15,3.3929568839958463e-15,6.895857943793522e-28,-1.0,0.0
804.6765389442444,1855.0,1219.75,9.625,2.2471164185778946e307,2.875,2.1589567740403043e-14,6.895857943793522e-28,4.618527782440651e-14,-1.0,1.6414851147589518e-15,2.4290481810256224e-15,3.3929568839958463e-15,6.895857943793522e-28,-1.0,0.0
809.7000789642334,1870.0,1234.75,9.625,2.2471164185778946e307,2.875,2.1589567740403043e-14,6.895857943793522e-28,4.618527782440651e-14,-1.0,1.6414851147589518e-15,2.4290481810256224e-15,3.3929568839958463e-15,6.895857943793522e-28,-1.0,0.0
814.9746859073639,1886.0,1250.75,9.625,2.2471164185778946e307,2.875,2.1589567740403043e-14,6.895857943793522e-28,4.618527782440651e-14,-1.0,1.6414851147589518e-15,2.4290481810256224e-15,3.3929568839958463e-15,6.895857943793522e-28,-1.0,0.0
820.0277678966522,1901.0,1265.75,9.625,2.2471164185778946e307,2.875,2.1589567740403043e-14,6.895857943793522e-28,4.618527782440651e-14,-1.0,1.6414851147589518e-15,2.4290481810256224e-15,3.3929568839958463e-15,6.895857943793522e-28,-1.0,0.0
825.0877468585968,1916.0,1280.75,9.625,2.2471164185778946e307,2.875,2.1589567740403043e-14,6.895857943793522e-28,4.618527782440651e-14,-1.0,1.6414851147589518e-15,2.4290481810256224e-15,3.3929568839958463e-15,6.895857943793522e-28,-1.0,0.0
830.1030740737915,1931.0,1295.75,9.625,2.2471164185778946e307,2.875,2.1589567740403043e-14,6.895857943793522e-28,4.618527782440651e-14,-1.0,1.6414851147589518e-15,2.4290481810256224e-15,3.3929568839958463e-15,6.895857943793522e-28,-1.0,0.0
835.1580278873444,1946.0,1310.75,9.625,2.2471164185778946e307,2.875,2.1589567740403043e-14,6.895857943793522e-28,4.618527782440651e-14,-1.0,1.6414851147589518e-15,2.4290481810256224e-15,3.3929568839958463e-15,6.895857943793522e-28,-1.0,0.0
840.1640329360962,1961.0,1325.75,9.625,2.2471164185778946e307,2.875,2.1589567740403043e-14,6.895857943793522e-28,4.618527782440651e-14,-1.0,1.6414851147589518e-15,2.4290481810256224e-15,3.3929568839958463e-15,6.895857943793522e-28,-1.0,0.0
845.492299079895,1977.0,1341.75,9.625,2.2471164185778946e307,2.875,2.1589567740403043e-14,6.895857943793522e-28,4.618527782440651e-14,-1.0,1.6414851147589518e-15,2.4290481810256224e-15,3.3929568839958463e-15,6.895857943793522e-28,-1.0,0.0
850.568925857544,1992.0,1356.75,9.625,2.2471164185778946e307,2.875,2.1589567740403043e-14,6.895857943793522e-28,4.618527782440651e-14,-1.0,1.6414851147589518e-15,2.4290481810256224e-15,3.3929568839958463e-15,6.895857943793522e-28,-1.0,0.0
855.6871609687805,2007.0,1371.75,9.625,2.2471164185778946e307,2.875,2.1589567740403043e-14,6.895857943793522e-28,4.618527782440651e-14,-1.0,1.6414851147589518e-15,2.4290481810256224e-15,3.3929568839958463e-15,6.895857943793522e-28,-1.0,0.0
860.7896299362183,2022.0,1317.375,9.625,2.2471164185778946e307,2.875,2.1316282072803006e-14,6.534195559553734e-28,4.618527782440651e-14,-1.0,1.6172388282657335e-15,2.4290481810256224e-15,3.3929568839958463e-15,6.534195559553734e-28,-1.0,0.0
865.8828918933868,2037.0,1332.375,9.625,2.2471164185778946e307,2.875,2.1316282072803006e-14,6.534195559553734e-28,4.618527782440651e-14,-1.0,1.6172388282657335e-15,2.4290481810256224e-15,3.3929568839958463e-15,6.534195559553734e-28,-1.0,0.0
870.9382879734039,2052.0,1347.375,9.625,2.2471164185778946e307,2.875,2.1316282072803006e-14,6.534195559553734e-28,4.618527782440651e-14,-1.0,1.6172388282657335e-15,2.4290481810256224e-15,3.3929568839958463e-15,6.534195559553734e-28,-1.0,0.0
875.9916698932648,2067.0,1362.375,9.625,2.2471164185778946e307,2.875,2.1316282072803006e-14,6.534195559553734e-28,4.618527782440651e-14,-1.0,1.6172388282657335e-15,2.4290481810256224e-15,3.3929568839958463e-15,6.534195559553734e-28,-1.0,0.0
881.0454459190369,2082.0,1259.25,9.625,2.2471164185778946e307,2.875,2.1316282072803006e-14,6.534195559553734e-28,4.618527782440651e-14,-1.0,1.6172388282657335e-15,2.4290481810256224e-15,3.3929568839958463e-15,6.534195559553734e-28,-1.0,0.0
886.0864989757538,2097.0,1274.25,9.625,2.2471164185778946e307,2.875,2.1316282072803006e-14,6.534195559553734e-28,4.618527782440651e-14,-1.0,1.6172388282657335e-15,2.4290481810256224e-15,3.3929568839958463e-15,6.534195559553734e-28,-1.0,0.0
891.1858830451965,2112.0,1289.25,9.625,2.2471164185778946e307,2.875,2.1316282072803006e-14,6.534195559553734e-28,4.618527782440651e-14,-1.0,1.6172388282657335e-15,2.4290481810256224e-15,3.3929568839958463e-15,6.534195559553734e-28,-1.0,0.0
896.2867879867554,2127.0,1304.25,9.625,2.2471164185778946e307,2.875,2.1316282072803006e-14,6.534195559553734e-28,4.618527782440651e-14,-1.0,1.6172388282657335e-15,2.4290481810256224e-15,3.3929568839958463e-15,6.534195559553734e-28,-1.0,0.0
901.3477818965912,2142.0,1319.25,9.625,2.2471164185778946e307,2.875,2.1316282072803006e-14,6.534195559553734e-28,4.618527782440651e-14,-1.0,1.6172388282657335e-15,2.4290481810256224e-15,3.3929568839958463e-15,6.534195559553734e-28,-1.0,0.0
906.542454957962,2157.0,1334.25,9.625,2.2471164185778946e307,2.875,2.1316282072803006e-14,6.534195559553734e-28,4.618527782440651e-14,-1.0,1.6172388282657335e-15,2.4290481810256224e-15,3.3929568839958463e-15,6.534195559553734e-28,-1.0,0.0
911.6626379489899,2172.0,1349.25,9.625,2.2471164185778946e307,2.875,2.1316282072803006e-14,6.534195559553734e-28,4.618527782440651e-14,-1.0,1.6172388282657335e-15,2.4290481810256224e-15,3.3929568839958463e-15,6.534195559553734e-28,-1.0,0.0
916.8107650279999,2187.0,1364.25,9.625,2.2471164185778946e307,2.875,2.1316282072803006e-14,6.534195559553734e-28,4.618527782440651e-14,-1.0,1.6172388282657335e-15,2.4290481810256224e-15,3.3929568839958463e-15,6.534195559553734e-28,-1.0,0.0
921.9694480895996,2202.0,1379.25,9.625,2.2471164185778946e307,2.875,2.1316282072803006e-14,6.534195559553734e-28,4.618527782440651e-14,-1.0,1.6172388282657335e-15,2.4290481810256224e-15,3.3929568839958463e-15,6.534195559553734e-28,-1.0,0.0
927.0305860042572,2217.0,1394.25,9.625,2.2471164185778946e307,2.875,2.1316282072803006e-14,6.534195559553734e-28,4.618527782440651e-14,-1.0,1.6172388282657335e-15,2.4290481810256224e-15,3.3929568839958463e-15,6.534195559553734e-28,-1.0,0.0
932.1917848587036,2232.0,1409.25,9.625,2.2471164185778946e307,2.875,2.1316282072803006e-14,6.534195559553734e-28,4.618527782440651e-14,-1.0,1.6172388282657335e-15,2.4290481810256224e-15,3.3929568839958463e-15,6.534195559553734e-28,-1.0,0.0
937.3883888721466,2247.0,1424.25,9.625,2.2471164185778946e307,2.875,2.1316282072803006e-14,6.534195559553734e-28,4.618527782440651e-14,-1.0,1.6172388282657335e-15,2.4290481810256224e-15,3.3929568839958463e-15,6.534195559553734e-28,-1.0,0.0
942.6475310325623,2262.0,1439.25,9.625,2.2471164185778946e307,2.875,2.1316282072803006e-14,6.534195559553734e-28,4.618527782440651e-14,-1.0,1.6172388282657335e-15,2.4290481810256224e-15,3.3929568839958463e-15,6.534195559553734e-28,-1.0,0.0
947.8008189201355,2277.0,1454.25,9.625,2.2471164185778946e307,2.875,2.1316282072803006e-14,6.534195559553734e-28,4.618527782440651e-14,-1.0,1.6172388282657335e-15,2.4290481810256224e-15,3.3929568839958463e-15,6.534195559553734e-28,-1.0,0.0
953.0443730354309,2292.0,1469.25,9.625,2.2471164185778946e307,2.875,2.1316282072803006e-14,6.534195559553734e-28,4.618527782440651e-14,-1.0,1.6172388282657335e-15,2.4290481810256224e-15,3.3929568839958463e-15,6.534195559553734e-28,-1.0,0.0
958.3059639930725,2307.0,1484.25,9.625,2.2471164185778946e307,2.875,2.1316282072803006e-14,6.534195559553734e-28,4.618527782440651e-14,-1.0,1.6172388282657335e-15,2.4290481810256224e-15,3.3929568839958463e-15,6.534195559553734e-28,-1.0,0.0
963.5696868896484,2322.0,1499.25,9.625,2.2471164185778946e307,2.875,2.1316282072803006e-14,6.534195559553734e-28,4.618527782440651e-14,-1.0,1.6172388282657335e-15,2.4290481810256224e-15,3.3929568839958463e-15,6.534195559553734e-28,-1.0,0.0
968.8013648986816,2337.0,1514.25,9.625,2.2471164185778946e307,2.875,2.1316282072803006e-14,6.534195559553734e-28,4.618527782440651e-14,-1.0,1.6172388282657335e-15,2.4290481810256224e-15,3.3929568839958463e-15,6.534195559553734e-28,-1.0,0.0
974.0229768753052,2352.0,1529.25,9.625,2.2471164185778946e307,2.875,2.1316282072803006e-14,6.534195559553734e-28,4.618527782440651e-14,-1.0,1.6172388282657335e-15,2.4290481810256224e-15,3.3929568839958463e-15,6.534195559553734e-28,-1.0,0.0
979.2843859195709,2367.0,1544.25,9.625,2.2471164185778946e307,2.875,2.1316282072803006e-14,6.534195559553734e-28,4.618527782440651e-14,-1.0,1.6172388282657335e-15,2.4290481810256224e-15,3.3929568839958463e-15,6.534195559553734e-28,-1.0,0.0
984.4505190849304,2382.0,1559.25,9.625,2.2471164185778946e307,2.875,2.1316282072803006e-14,6.534195559553734e-28,4.618527782440651e-14,-1.0,1.6172388282657335e-15,2.4290481810256224e-15,3.3929568839958463e-15,6.534195559553734e-28,-1.0,0.0
989.6602959632874,2397.0,1574.25,9.625,2.2471164185778946e307,2.875,2.1316282072803006e-14,6.534195559553734e-28,4.618527782440651e-14,-1.0,1.6172388282657335e-15,2.4290481810256224e-15,3.3929568839958463e-15,6.534195559553734e-28,-1.0,0.0
994.9345359802246,2412.0,1589.25,9.625,2.2471164185778946e307,2.875,2.1316282072803006e-14,6.534195559553734e-28,4.618527782440651e-14,-1.0,1.6172388282657335e-15,2.4290481810256224e-15,3.3929568839958463e-15,6.534195559553734e-28,-1.0,0.0
1000.1572189331055,2427.0,1604.25,9.625,2.2471164185778946e307,2.875,2.1316282072803006e-14,6.534195559553734e-28,4.618527782440651e-14,-1.0,1.6172388282657335e-15,2.4290481810256224e-15,3.3929568839958463e-15,6.534195559553734e-28,-1.0,0.0
1005.395427942276,2442.0,1619.25,9.625,2.2471164185778946e307,2.875,2.1316282072803006e-14,6.534195559553734e-28,4.618527782440651e-14,-1.0,1.6172388282657335e-15,2.4290481810256224e-15,3.3929568839958463e-15,6.534195559553734e-28,-1.0,0.0
1010.5485100746155,2457.0,1634.25,9.625,2.2471164185778946e307,2.875,2.1316282072803006e-14,6.534195559553734e-28,4.618527782440651e-14,-1.0,1.6172388282657335e-15,2.4290481810256224e-15,3.3929568839958463e-15,6.534195559553734e-28,-1.0,0.0
1015.8089928627014,2472.0,1649.25,9.625,2.2471164185778946e307,2.875,2.1316282072803006e-14,6.534195559553734e-28,4.618527782440651e-14,-1.0,1.6172388282657335e-15,2.4290481810256224e-15,3.3929568839958463e-15,6.534195559553734e-28,-1.0,0.0
1020.9251189231873,2487.0,1664.25,9.625,2.2471164185778946e307,2.875,2.1316282072803006e-14,6.534195559553734e-28,4.618527782440651e-14,-1.0,1.6172388282657335e-15,2.4290481810256224e-15,3.3929568839958463e-15,6.534195559553734e-28,-1.0,0.0
1026.1236939430237,2502.0,1679.25,9.625,2.2471164185778946e307,2.875,2.1316282072803006e-14,6.534195559553734e-28,4.618527782440651e-14,-1.0,1.6172388282657335e-15,2.4290481810256224e-15,3.3929568839958463e-15,6.534195559553734e-28,-1.0,0.0
1031.2558698654175,2517.0,1694.25,9.625,2.2471164185778946e307,2.875,2.1316282072803006e-14,6.534195559553734e-28,4.618527782440651e-14,-1.0,1.6172388282657335e-15,2.4290481810256224e-15,3.3929568839958463e-15,6.534195559553734e-28,-1.0,0.0
1036.4932670593262,2532.0,1709.25,9.625,2.2471164185778946e307,2.875,2.1316282072803006e-14,6.534195559553734e-28,4.618527782440651e-14,-1.0,1.6172388282657335e-15,2.4290481810256224e-15,3.3929568839958463e-15,6.534195559553734e-28,-1.0,0.0
1041.6502079963684,2547.0,1724.25,9.625,2.2471164185778946e307,2.875,2.1316282072803006e-14,6.534195559553734e-28,4.618527782440651e-14,-1.0,1.6172388282657335e-15,2.4290481810256224e-15,3.3929568839958463e-15,6.534195559553734e-28,-1.0,0.0
1046.8513979911804,2562.0,1739.25,9.625,2.2471164185778946e307,2.875,2.1316282072803006e-14,6.534195559553734e-28,4.618527782440651e-14,-1.0,1.6172388282657335e-15,2.4290481810256224e-15,3.3929568839958463e-15,6.534195559553734e-28,-1.0,0.0
1052.094479084015,2577.0,1754.25,9.625,2.2471164185778946e307,2.875,2.1316282072803006e-14,6.534195559553734e-28,4.618527782440651e-14,-1.0,1.6172388282657335e-15,2.4290481810256224e-15,3.3929568839958463e-15,6.534195559553734e-28,-1.0,0.0
1057.302269935608,2592.0,1769.25,9.625,2.2471164185778946e307,2.875,2.1316282072803006e-14,6.534195559553734e-28,4.618527782440651e-14,-1.0,1.6172388282657335e-15,2.4290481810256224e-15,3.3929568839958463e-15,6.534195559553734e-28,-1.0,0.0
1062.4499778747559,2607.0,1784.25,9.625,2.2471164185778946e307,2.875,2.1316282072803006e-14,6.534195559553734e-28,4.618527782440651e-14,-1.0,1.6172388282657335e-15,2.4290481810256224e-15,3.3929568839958463e-15,6.534195559553734e-28,-1.0,0.0
1067.5431830883026,2622.0,1799.25,9.625,2.2471164185778946e307,2.875,2.1316282072803006e-14,6.534195559553734e-28,4.618527782440651e-14,-1.0,1.6172388282657335e-15,2.4290481810256224e-15,3.3929568839958463e-15,6.534195559553734e-28,-1.0,0.0
1072.748946905136,2637.0,1814.25,9.625,2.2471164185778946e307,2.875,2.1316282072803006e-14,6.534195559553734e-28,4.618527782440651e-14,-1.0,1.6172388282657335e-15,2.4290481810256224e-15,3.3929568839958463e-15,6.534195559553734e-28,-1.0,0.0
1078.0099630355835,2652.0,1829.25,9.625,2.2471164185778946e307,2.875,2.1316282072803006e-14,6.534195559553734e-28,4.618527782440651e-14,-1.0,1.6172388282657335e-15,2.4290481810256224e-15,3.3929568839958463e-15,6.534195559553734e-28,-1.0,0.0
1083.2116689682007,2667.0,1844.25,9.625,2.2471164185778946e307,2.875,2.1316282072803006e-14,6.534195559553734e-28,4.618527782440651e-14,-1.0,1.6172388282657335e-15,2.4290481810256224e-15,3.3929568839958463e-15,6.534195559553734e-28,-1.0,0.0
1088.2624549865723,2682.0,1859.25,9.625,2.2471164185778946e307,2.875,2.1316282072803006e-14,6.534195559553734e-28,4.618527782440651e-14,-1.0,1.6172388282657335e-15,2.4290481810256224e-15,3.3929568839958463e-15,6.534195559553734e-28,-1.0,0.0
1093.4899520874023,2697.0,1874.25,9.625,2.2471164185778946e307,2.875,2.1316282072803006e-14,6.534195559553734e-28,4.618527782440651e-14,-1.0,1.6172388282657335e-15,2.4290481810256224e-15,3.3929568839958463e-15,6.534195559553734e-28,-1.0,0.0
1098.656769990921,2712.0,1889.25,9.625,2.2471164185778946e307,2.875,2.1316282072803006e-14,6.534195559553734e-28,4.618527782440651e-14,-1.0,1.6172388282657335e-15,2.4290481810256224e-15,3.3929568839958463e-15,6.534195559553734e-28,-1.0,0.0
1103.8026850223541,2727.0,1904.25,9.625,2.2471164185778946e307,2.875,2.1316282072803006e-14,6.534195559553734e-28,4.618527782440651e-14,-1.0,1.6172388282657335e-15,2.4290481810256224e-15,3.3929568839958463e-15,6.534195559553734e-28,-1.0,0.0
1108.9320290088654,2742.0,1919.25,9.625,2.2471164185778946e307,2.875,2.1316282072803006e-14,6.534195559553734e-28,4.618527782440651e-14,-1.0,1.6172388282657335e-15,2.4290481810256224e-15,3.3929568839958463e-15,6.534195559553734e-28,-1.0,0.0
1114.1386170387268,2757.0,1934.25,9.625,2.2471164185778946e307,2.875,2.1316282072803006e-14,6.534195559553734e-28,4.618527782440651e-14,-1.0,1.6172388282657335e-15,2.4290481810256224e-15,3.3929568839958463e-15,6.534195559553734e-28,-1.0,0.0
1119.2225120067596,2772.0,1949.25,9.625,2.2471164185778946e307,2.875,2.1316282072803006e-14,6.534195559553734e-28,4.618527782440651e-14,-1.0,1.6172388282657335e-15,2.4290481810256224e-15,3.3929568839958463e-15,6.534195559553734e-28,-1.0,0.0
1124.430967092514,2787.0,1964.25,9.625,2.2471164185778946e307,2.875,2.1316282072803006e-14,6.534195559553734e-28,4.618527782440651e-14,-1.0,1.6172388282657335e-15,2.4290481810256224e-15,3.3929568839958463e-15,6.534195559553734e-28,-1.0,0.0
1129.526920080185,2802.0,1979.25,9.625,2.2471164185778946e307,2.875,2.1316282072803006e-14,6.534195559553734e-28,4.618527782440651e-14,-1.0,1.6172388282657335e-15,2.4290481810256224e-15,3.3929568839958463e-15,6.534195559553734e-28,-1.0,0.0
1134.5934710502625,2817.0,1994.25,9.625,2.2471164185778946e307,2.875,2.1316282072803006e-14,6.534195559553734e-28,4.618527782440651e-14,-1.0,1.6172388282657335e-15,2.4290481810256224e-15,3.3929568839958463e-15,6.534195559553734e-28,-1.0,0.0
1139.741203069687,2832.0,2009.25,9.625,2.2471164185778946e307,2.875,2.1316282072803006e-14,6.534195559553734e-28,4.618527782440651e-14,-1.0,1.6172388282657335e-15,2.4290481810256224e-15,3.3929568839958463e-15,6.534195559553734e-28,-1.0,0.0
1144.8546738624573,2847.0,2024.25,9.625,2.2471164185778946e307,2.875,2.1316282072803006e-14,6.534195559553734e-28,4.618527782440651e-14,-1.0,1.6172388282657335e-15,2.4290481810256224e-15,3.3929568839958463e-15,6.534195559553734e-28,-1.0,0.0
1149.9696578979492,2862.0,2039.25,9.625,2.2471164185778946e307,2.875,2.1316282072803006e-14,6.534195559553734e-28,4.618527782440651e-14,-1.0,1.6172388282657335e-15,2.4290481810256224e-15,3.3929568839958463e-15,6.534195559553734e-28,-1.0,0.0
1155.1567840576172,2877.0,2054.25,9.625,2.2471164185778946e307,2.875,2.1316282072803006e-14,6.534195559553734e-28,4.618527782440651e-14,-1.0,1.6172388282657335e-15,2.4290481810256224e-15,3.3929568839958463e-15,6.534195559553734e-28,-1.0,0.0
1160.2648470401764,2892.0,2069.25,9.625,2.2471164185778946e307,2.875,2.1316282072803006e-14,6.534195559553734e-28,4.618527782440651e-14,-1.0,1.6172388282657335e-15,2.4290481810256224e-15,3.3929568839958463e-15,6.534195559553734e-28,-1.0,0.0
1165.4320979118347,2907.0,2084.25,9.625,2.2471164185778946e307,2.875,2.1316282072803006e-14,6.534195559553734e-28,4.618527782440651e-14,-1.0,1.6172388282657335e-15,2.4290481810256224e-15,3.3929568839958463e-15,6.534195559553734e-28,-1.0,0.0
1170.5782990455627,2922.0,2099.25,9.625,2.2471164185778946e307,2.875,2.1316282072803006e-14,6.534195559553734e-28,4.618527782440651e-14,-1.0,1.6172388282657335e-15,2.4290481810256224e-15,3.3929568839958463e-15,6.534195559553734e-28,-1.0,0.0
1175.6957740783691,2937.0,2114.25,9.625,2.2471164185778946e307,2.875,2.1316282072803006e-14,6.534195559553734e-28,4.618527782440651e-14,-1.0,1.6172388282657335e-15,2.4290481810256224e-15,3.3929568839958463e-15,6.534195559553734e-28,-1.0,0.0
1180.8333249092102,2952.0,2129.25,9.625,2.2471164185778946e307,2.875,2.1316282072803006e-14,6.534195559553734e-28,4.618527782440651e-14,-1.0,1.6172388282657335e-15,2.4290481810256224e-15,3.3929568839958463e-15,6.534195559553734e-28,-1.0,0.0
1185.9035429954529,2967.0,2144.25,9.625,2.2471164185778946e307,2.875,2.1316282072803006e-14,6.534195559553734e-28,4.618527782440651e-14,-1.0,1.6172388282657335e-15,2.4290481810256224e-15,3.3929568839958463e-15,6.534195559553734e-28,-1.0,0.0
1191.0484499931335,2982.0,2159.25,9.625,2.2471164185778946e307,2.875,2.1316282072803006e-14,6.534195559553734e-28,4.618527782440651e-14,-1.0,1.6172388282657335e-15,2.4290481810256224e-15,3.3929568839958463e-15,6.534195559553734e-28,-1.0,0.0
1196.1328868865967,2997.0,2174.25,9.625,2.2471164185778946e307,2.875,2.1316282072803006e-14,6.534195559553734e-28,4.618527782440651e-14,-1.0,1.6172388282657335e-15,2.4290481810256224e-15,3.3929568839958463e-15,6.534195559553734e-28,-1.0,0.0
1201.2340760231018,3012.0,2189.25,9.625,2.2471164185778946e307,2.875,2.1316282072803006e-14,6.534195559553734e-28,4.618527782440651e-14,-1.0,1.6172388282657335e-15,2.4290481810256224e-15,3.3929568839958463e-15,6.534195559553734e-28,-1.0,0.0
1206.3265919685364,3027.0,2204.25,9.625,2.2471164185778946e307,2.875,2.1316282072803006e-14,6.534195559553734e-28,4.618527782440651e-14,-1.0,1.6172388282657335e-15,2.4290481810256224e-15,3.3929568839958463e-15,6.534195559553734e-28,-1.0,0.0
1211.5081288814545,3042.0,2219.25,9.625,2.2471164185778946e307,2.875,2.1316282072803006e-14,6.534195559553734e-28,4.618527782440651e-14,-1.0,1.6172388282657335e-15,2.4290481810256224e-15,3.3929568839958463e-15,6.534195559553734e-28,-1.0,0.0
1216.716108083725,3057.0,2234.25,9.625,2.2471164185778946e307,2.875,2.1316282072803006e-14,6.534195559553734e-28,4.618527782440651e-14,-1.0,1.6172388282657335e-15,2.4290481810256224e-15,3.3929568839958463e-15,6.534195559553734e-28,-1.0,0.0
1221.8205399513245,3072.0,2249.25,9.625,2.2471164185778946e307,2.875,2.1316282072803006e-14,6.534195559553734e-28,4.618527782440651e-14,-1.0,1.6172388282657335e-15,2.4290481810256224e-15,3.3929568839958463e-15,6.534195559553734e-28,-1.0,0.0
1226.917664051056,3087.0,2264.25,9.625,2.2471164185778946e307,2.875,2.1316282072803006e-14,6.534195559553734e-28,4.618527782440651e-14,-1.0,1.6172388282657335e-15,2.4290481810256224e-15,3.3929568839958463e-15,6.534195559553734e-28,-1.0,0.0
1231.9799830913544,3102.0,2279.25,9.625,2.2471164185778946e307,2.875,2.1316282072803006e-14,6.534195559553734e-28,4.618527782440651e-14,-1.0,1.6172388282657335e-15,2.4290481810256224e-15,3.3929568839958463e-15,6.534195559553734e-28,-1.0,0.0
1237.098965883255,3117.0,2294.25,9.625,2.2471164185778946e307,2.875,2.1316282072803006e-14,6.534195559553734e-28,4.618527782440651e-14,-1.0,1.6172388282657335e-15,2.4290481810256224e-15,3.3929568839958463e-15,6.534195559553734e-28,-1.0,0.0
1242.2266240119934,3132.0,2309.25,9.625,2.2471164185778946e307,2.875,2.1316282072803006e-14,6.534195559553734e-28,4.618527782440651e-14,-1.0,1.6172388282657335e-15,2.4290481810256224e-15,3.3929568839958463e-15,6.534195559553734e-28,-1.0,0.0
1247.306007862091,3147.0,2324.25,9.625,2.2471164185778946e307,2.875,2.1316282072803006e-14,6.534195559553734e-28,4.618527782440651e-14,-1.0,1.6172388282657335e-15,2.4290481810256224e-15,3.3929568839958463e-15,6.534195559553734e-28,-1.0,0.0
1252.4273760318756,3162.0,2339.25,9.625,2.2471164185778946e307,2.875,2.1316282072803006e-14,6.534195559553734e-28,4.618527782440651e-14,-1.0,1.6172388282657335e-15,2.4290481810256224e-15,3.3929568839958463e-15,6.534195559553734e-28,-1.0,0.0
1257.4767949581146,3177.0,2354.25,9.625,2.2471164185778946e307,2.875,2.1316282072803006e-14,6.534195559553734e-28,4.618527782440651e-14,-1.0,1.6172388282657335e-15,2.4290481810256224e-15,3.3929568839958463e-15,6.534195559553734e-28,-1.0,0.0
1262.4975249767303,3192.0,2369.25,9.625,2.2471164185778946e307,2.875,2.1316282072803006e-14,6.534195559553734e-28,4.618527782440651e-14,-1.0,1.6172388282657335e-15,2.4290481810256224e-15,3.3929568839958463e-15,6.534195559553734e-28,-1.0,0.0
1267.5822999477386,3207.0,2384.25,9.625,2.2471164185778946e307,2.875,2.1316282072803006e-14,6.534195559553734e-28,4.618527782440651e-14,-1.0,1.6172388282657335e-15,2.4290481810256224e-15,3.3929568839958463e-15,6.534195559553734e-28,-1.0,0.0
1272.808573961258,3222.0,2399.25,9.625,2.2471164185778946e307,2.875,2.1316282072803006e-14,6.534195559553734e-28,4.618527782440651e-14,-1.0,1.6172388282657335e-15,2.4290481810256224e-15,3.3929568839958463e-15,6.534195559553734e-28,-1.0,0.0
1277.9154019355774,3237.0,2414.25,9.625,2.2471164185778946e307,2.875,2.1316282072803006e-14,6.534195559553734e-28,4.618527782440651e-14,-1.0,1.6172388282657335e-15,2.4290481810256224e-15,3.3929568839958463e-15,6.534195559553734e-28,-1.0,0.0
1282.9589109420776,3252.0,2429.25,9.625,2.2471164185778946e307,2.875,2.1316282072803006e-14,6.534195559553734e-28,4.618527782440651e-14,-1.0,1.6172388282657335e-15,2.4290481810256224e-15,3.3929568839958463e-15,6.534195559553734e-28,-1.0,0.0
1288.053817987442,3267.0,2444.25,9.625,2.2471164185778946e307,2.875,2.1316282072803006e-14,6.534195559553734e-28,4.618527782440651e-14,-1.0,1.6172388282657335e-15,2.4290481810256224e-15,3.3929568839958463e-15,6.534195559553734e-28,-1.0,0.0
1293.221410036087,3282.0,2459.25,9.625,2.2471164185778946e307,2.875,2.1316282072803006e-14,6.534195559553734e-28,4.618527782440651e-14,-1.0,1.6172388282657335e-15,2.4290481810256224e-15,3.3929568839958463e-15,6.534195559553734e-28,-1.0,0.0
1298.2856118679047,3297.0,2474.25,9.625,2.2471164185778946e307,2.875,2.1316282072803006e-14,6.534195559553734e-28,4.618527782440651e-14,-1.0,1.6172388282657335e-15,2.4290481810256224e-15,3.3929568839958463e-15,6.534195559553734e-28,-1.0,0.0
1303.386165857315,3312.0,2489.25,9.625,2.2471164185778946e307,2.875,2.1316282072803006e-14,6.534195559553734e-28,4.618527782440651e-14,-1.0,1.6172388282657335e-15,2.4290481810256224e-15,3.3929568839958463e-15,6.534195559553734e-28,-1.0,0.0
1308.5247089862823,3327.0,2504.25,9.625,2.2471164185778946e307,2.875,2.1316282072803006e-14,6.534195559553734e-28,4.618527782440651e-14,-1.0,1.6172388282657335e-15,2.4290481810256224e-15,3.3929568839958463e-15,6.534195559553734e-28,-1.0,0.0
1313.7342338562012,3342.0,2519.25,9.625,2.2471164185778946e307,2.875,2.1316282072803006e-14,6.534195559553734e-28,4.618527782440651e-14,-1.0,1.6172388282657335e-15,2.4290481810256224e-15,3.3929568839958463e-15,6.534195559553734e-28,-1.0,0.0
1318.9704339504242,3357.0,2534.25,9.625,2.2471164185778946e307,2.875,2.1316282072803006e-14,6.534195559553734e-28,4.618527782440651e-14,-1.0,1.6172388282657335e-15,2.4290481810256224e-15,3.3929568839958463e-15,6.534195559553734e-28,-1.0,0.0
1324.1844289302826,3372.0,2549.25,9.625,2.2471164185778946e307,2.875,2.1316282072803006e-14,6.534195559553734e-28,4.618527782440651e-14,-1.0,1.6172388282657335e-15,2.4290481810256224e-15,3.3929568839958463e-15,6.534195559553734e-28,-1.0,0.0
1329.4100708961487,3387.0,2564.25,9.625,2.2471164185778946e307,2.875,2.1316282072803006e-14,6.534195559553734e-28,4.618527782440651e-14,-1.0,1.6172388282657335e-15,2.4290481810256224e-15,3.3929568839958463e-15,6.534195559553734e-28,-1.0,0.0
1334.6397750377655,3402.0,2579.25,9.625,2.2471164185778946e307,2.875,2.1316282072803006e-14,6.534195559553734e-28,4.618527782440651e-14,-1.0,1.6172388282657335e-15,2.4290481810256224e-15,3.3929568839958463e-15,6.534195559553734e-28,-1.0,0.0
1339.9230690002441,3417.0,2594.25,9.625,2.2471164185778946e307,2.875,2.1316282072803006e-14,6.534195559553734e-28,4.618527782440651e-14,-1.0,1.6172388282657335e-15,2.4290481810256224e-15,3.3929568839958463e-15,6.534195559553734e-28,-1.0,0.0
1345.1769440174103,3432.0,2609.25,9.625,2.2471164185778946e307,2.875,2.1316282072803006e-14,6.534195559553734e-28,4.618527782440651e-14,-1.0,1.6172388282657335e-15,2.4290481810256224e-15,3.3929568839958463e-15,6.534195559553734e-28,-1.0,0.0
1350.4324359893799,3447.0,2624.25,9.625,2.2471164185778946e307,2.875,2.1316282072803006e-14,6.534195559553734e-28,4.618527782440651e-14,-1.0,1.6172388282657335e-15,2.4290481810256224e-15,3.3929568839958463e-15,6.534195559553734e-28,-1.0,0.0
1355.4515419006348,3461.0,2638.25,9.625,2.2471164185778946e307,2.875,2.1316282072803006e-14,6.534195559553734e-28,4.618527782440651e-14,-1.0,1.6172388282657335e-15,2.4290481810256224e-15,3.3929568839958463e-15,6.534195559553734e-28,-1.0,0.0
1360.8236980438232,3476.0,2653.25,9.625,2.2471164185778946e307,2.875,2.1316282072803006e-14,6.534195559553734e-28,4.618527782440651e-14,-1.0,1.6172388282657335e-15,2.4290481810256224e-15,3.3929568839958463e-15,6.534195559553734e-28,-1.0,0.0
1365.8736009597778,3490.0,2667.25,9.625,2.2471164185778946e307,2.875,2.1316282072803006e-14,6.534195559553734e-28,4.618527782440651e-14,-1.0,1.6172388282657335e-15,2.4290481810256224e-15,3.3929568839958463e-15,6.534195559553734e-28,-1.0,0.0
1370.9564950466156,3504.0,2681.25,9.625,2.2471164185778946e307,2.875,2.1316282072803006e-14,6.534195559553734e-28,4.618527782440651e-14,-1.0,1.6172388282657335e-15,2.4290481810256224e-15,3.3929568839958463e-15,6.534195559553734e-28,-1.0,0.0
1376.101490020752,3518.0,2695.25,9.625,2.2471164185778946e307,2.875,2.1316282072803006e-14,6.534195559553734e-28,4.618527782440651e-14,-1.0,1.6172388282657335e-15,2.4290481810256224e-15,3.3929568839958463e-15,6.534195559553734e-28,-1.0,0.0
1381.2653069496155,3532.0,2709.25,9.625,2.2471164185778946e307,2.875,2.1316282072803006e-14,6.534195559553734e-28,4.618527782440651e-14,-1.0,1.6172388282657335e-15,2.4290481810256224e-15,3.3929568839958463e-15,6.534195559553734e-28,-1.0,0.0
1386.3880639076233,3546.0,2723.25,9.625,2.2471164185778946e307,2.875,2.1316282072803006e-14,6.534195559553734e-28,4.618527782440651e-14,-1.0,1.6172388282657335e-15,2.4290481810256224e-15,3.3929568839958463e-15,6.534195559553734e-28,-1.0,0.0
1391.5044920444489,3560.0,2737.25,9.625,2.2471164185778946e307,2.875,2.1316282072803006e-14,6.534195559553734e-28,4.618527782440651e-14,-1.0,1.6172388282657335e-15,2.4290481810256224e-15,3.3929568839958463e-15,6.534195559553734e-28,-1.0,0.0
1396.5706350803375,3574.0,2751.25,9.625,2.2471164185778946e307,2.875,2.1316282072803006e-14,6.534195559553734e-28,4.618527782440651e-14,-1.0,1.6172388282657335e-15,2.4290481810256224e-15,3.3929568839958463e-15,6.534195559553734e-28,-1.0,0.0
1401.6219940185547,3588.0,2459.1111111111113,10.333333333333334,Inf,3.0,2.1316282072803006e-14,6.534195559553734e-28,4.618527782440651e-14,-1.0,1.6172388282657335e-15,2.4290481810256224e-15,3.3447771946294093e-15,6.534195559553734e-28,-1.0,0.0
1406.7171249389648,3602.0,2473.1111111111113,10.333333333333334,Inf,3.0,2.1316282072803006e-14,6.534195559553734e-28,4.618527782440651e-14,-1.0,1.6172388282657335e-15,2.4290481810256224e-15,3.3447771946294093e-15,6.534195559553734e-28,-1.0,0.0
1411.784786939621,3616.0,2239.7,12.3,Inf,3.2,2.1316282072803006e-14,6.5099229163161655e-28,4.618527782440651e-14,-1.0,1.6172388282657335e-15,2.32238291046382e-15,3.3447771946294093e-15,6.5099229163161655e-28,-1.0,0.0
1416.9258320331573,3630.0,2253.7,12.3,Inf,3.2,2.1316282072803006e-14,6.5099229163161655e-28,4.618527782440651e-14,-1.0,1.6172388282657335e-15,2.32238291046382e-15,3.3447771946294093e-15,6.5099229163161655e-28,-1.0,0.0
1422.0740978717804,3644.0,2267.7,12.3,Inf,3.2,2.1316282072803006e-14,6.5099229163161655e-28,4.618527782440651e-14,-1.0,1.6172388282657335e-15,2.32238291046382e-15,3.3447771946294093e-15,6.5099229163161655e-28,-1.0,0.0
1427.319904088974,3658.0,2281.7,12.3,Inf,3.2,2.1316282072803006e-14,6.5099229163161655e-28,4.618527782440651e-14,-1.0,1.6172388282657335e-15,2.32238291046382e-15,3.3447771946294093e-15,6.5099229163161655e-28,-1.0,0.0
1432.4570019245148,3672.0,2295.7,12.3,Inf,3.2,2.1316282072803006e-14,6.5099229163161655e-28,4.618527782440651e-14,-1.0,1.6172388282657335e-15,2.32238291046382e-15,3.3447771946294093e-15,6.5099229163161655e-28,-1.0,0.0
1437.6743490695953,3686.0,2302.1,12.0,Inf,3.3,2.1316282072803006e-14,6.497786594697381e-28,4.618527782440651e-14,-1.0,1.6172388282657335e-15,2.4290481810256224e-15,3.245437019474288e-15,6.497786594697381e-28,-1.0,0.0
1442.987401008606,3700.0,2316.1,12.0,Inf,3.3,2.1316282072803006e-14,6.497786594697381e-28,4.618527782440651e-14,-1.0,1.6172388282657335e-15,2.4290481810256224e-15,3.245437019474288e-15,6.497786594697381e-28,-1.0,0.0
1448.2273190021515,3714.0,2330.1,12.0,Inf,3.3,2.1316282072803006e-14,6.497786594697381e-28,4.618527782440651e-14,-1.0,1.6172388282657335e-15,2.4290481810256224e-15,3.245437019474288e-15,6.497786594697381e-28,-1.0,0.0
1453.4359030723572,3728.0,2344.1,12.0,Inf,3.3,2.1316282072803006e-14,6.497786594697381e-28,4.618527782440651e-14,-1.0,1.6172388282657335e-15,2.4290481810256224e-15,3.245437019474288e-15,6.497786594697381e-28,-1.0,0.0
1458.6752488613129,3742.0,2358.1,12.0,Inf,3.3,2.1316282072803006e-14,6.497786594697381e-28,4.618527782440651e-14,-1.0,1.6172388282657335e-15,2.4290481810256224e-15,3.245437019474288e-15,6.497786594697381e-28,-1.0,0.0
1463.8609728813171,3756.0,2372.1,12.0,Inf,3.3,2.1316282072803006e-14,6.497786594697381e-28,4.618527782440651e-14,-1.0,1.6172388282657335e-15,2.4290481810256224e-15,3.245437019474288e-15,6.497786594697381e-28,-1.0,0.0
1469.1489188671112,3770.0,2386.1,12.0,Inf,3.3,2.1316282072803006e-14,6.497786594697381e-28,4.618527782440651e-14,-1.0,1.6172388282657335e-15,2.4290481810256224e-15,3.245437019474288e-15,6.497786594697381e-28,-1.0,0.0
1474.374922990799,3784.0,2400.1,12.0,Inf,3.3,2.1316282072803006e-14,6.497786594697381e-28,4.618527782440651e-14,-1.0,1.6172388282657335e-15,2.4290481810256224e-15,3.245437019474288e-15,6.497786594697381e-28,-1.0,0.0
1479.6705749034882,3798.0,2414.1,12.0,Inf,3.3,2.1316282072803006e-14,6.497786594697381e-28,4.618527782440651e-14,-1.0,1.6172388282657335e-15,2.4290481810256224e-15,3.245437019474288e-15,6.497786594697381e-28,-1.0,0.0
1484.855262041092,3812.0,2428.1,12.0,Inf,3.3,2.1316282072803006e-14,6.497786594697381e-28,4.618527782440651e-14,-1.0,1.6172388282657335e-15,2.4290481810256224e-15,3.245437019474288e-15,6.497786594697381e-28,-1.0,0.0
1490.0953478813171,3826.0,2442.1,12.0,Inf,3.3,2.1316282072803006e-14,6.497786594697381e-28,4.618527782440651e-14,-1.0,1.6172388282657335e-15,2.4290481810256224e-15,3.245437019474288e-15,6.497786594697381e-28,-1.0,0.0
1495.2231049537659,3840.0,2456.1,12.0,Inf,3.3,2.1316282072803006e-14,6.497786594697381e-28,4.618527782440651e-14,-1.0,1.6172388282657335e-15,2.4290481810256224e-15,3.245437019474288e-15,6.497786594697381e-28,-1.0,0.0
1500.295968055725,3854.0,2470.1,12.0,Inf,3.3,2.1316282072803006e-14,6.497786594697381e-28,4.618527782440651e-14,-1.0,1.6172388282657335e-15,2.4290481810256224e-15,3.245437019474288e-15,6.497786594697381e-28,-1.0,0.0
1505.5071110725403,3868.0,2484.1,12.0,Inf,3.3,2.1316282072803006e-14,6.497786594697381e-28,4.618527782440651e-14,-1.0,1.6172388282657335e-15,2.4290481810256224e-15,3.245437019474288e-15,6.497786594697381e-28,-1.0,0.0
1510.7924530506134,3882.0,2498.1,12.0,Inf,3.3,2.1316282072803006e-14,6.497786594697381e-28,4.618527782440651e-14,-1.0,1.6172388282657335e-15,2.4290481810256224e-15,3.245437019474288e-15,6.497786594697381e-28,-1.0,0.0
1515.9874839782715,3896.0,2512.1,12.0,Inf,3.3,2.1316282072803006e-14,6.497786594697381e-28,4.618527782440651e-14,-1.0,1.6172388282657335e-15,2.4290481810256224e-15,3.245437019474288e-15,6.497786594697381e-28,-1.0,0.0
1521.2722718715668,3910.0,2526.1,12.0,Inf,3.3,2.1316282072803006e-14,6.497786594697381e-28,4.618527782440651e-14,-1.0,1.6172388282657335e-15,2.4290481810256224e-15,3.245437019474288e-15,6.497786594697381e-28,-1.0,0.0
1526.4377040863037,3924.0,2540.1,12.0,Inf,3.3,2.1316282072803006e-14,6.497786594697381e-28,4.618527782440651e-14,-1.0,1.6172388282657335e-15,2.4290481810256224e-15,3.245437019474288e-15,6.497786594697381e-28,-1.0,0.0
1531.6925530433655,3938.0,2554.1,12.0,Inf,3.3,2.1316282072803006e-14,6.497786594697381e-28,4.618527782440651e-14,-1.0,1.6172388282657335e-15,2.4290481810256224e-15,3.245437019474288e-15,6.497786594697381e-28,-1.0,0.0
1536.918709039688,3952.0,2568.1,12.0,Inf,3.3,2.1316282072803006e-14,6.497786594697381e-28,4.618527782440651e-14,-1.0,1.6172388282657335e-15,2.4290481810256224e-15,3.245437019474288e-15,6.497786594697381e-28,-1.0,0.0
1542.2904739379883,3966.0,2582.1,12.0,Inf,3.3,2.1316282072803006e-14,6.497786594697381e-28,4.618527782440651e-14,-1.0,1.6172388282657335e-15,2.4290481810256224e-15,3.245437019474288e-15,6.497786594697381e-28,-1.0,0.0
1547.4480459690094,3980.0,2596.1,12.0,Inf,3.3,2.1316282072803006e-14,6.497786594697381e-28,4.618527782440651e-14,-1.0,1.6172388282657335e-15,2.4290481810256224e-15,3.245437019474288e-15,6.497786594697381e-28,-1.0,0.0
1552.7458200454712,3994.0,2610.1,12.0,Inf,3.3,2.1316282072803006e-14,6.497786594697381e-28,4.618527782440651e-14,-1.0,1.6172388282657335e-15,2.4290481810256224e-15,3.245437019474288e-15,6.497786594697381e-28,-1.0,0.0
1558.038775920868,4008.0,2624.1,12.0,Inf,3.3,2.1316282072803006e-14,6.497786594697381e-28,4.618527782440651e-14,-1.0,1.6172388282657335e-15,2.4290481810256224e-15,3.245437019474288e-15,6.497786594697381e-28,-1.0,0.0
1563.3504729270935,4022.0,2638.1,12.0,Inf,3.3,2.1316282072803006e-14,6.497786594697381e-28,4.618527782440651e-14,-1.0,1.6172388282657335e-15,2.4290481810256224e-15,3.245437019474288e-15,6.497786594697381e-28,-1.0,0.0
1568.7208609580994,4036.0,2652.1,12.0,Inf,3.3,2.1316282072803006e-14,6.497786594697381e-28,4.618527782440651e-14,-1.0,1.6172388282657335e-15,2.4290481810256224e-15,3.245437019474288e-15,6.497786594697381e-28,-1.0,0.0
1574.0660419464111,4050.0,2666.1,12.0,Inf,3.3,2.1316282072803006e-14,6.497786594697381e-28,4.618527782440651e-14,-1.0,1.6172388282657335e-15,2.4290481810256224e-15,3.245437019474288e-15,6.497786594697381e-28,-1.0,0.0
1579.227017879486,4063.0,2679.1,12.0,Inf,3.3,2.1316282072803006e-14,6.497786594697381e-28,4.618527782440651e-14,-1.0,1.6172388282657335e-15,2.4290481810256224e-15,3.245437019474288e-15,6.497786594697381e-28,-1.0,0.0
1584.3849489688873,4076.0,2692.1,12.0,Inf,3.3,2.1316282072803006e-14,6.497786594697381e-28,4.618527782440651e-14,-1.0,1.6172388282657335e-15,2.4290481810256224e-15,3.245437019474288e-15,6.497786594697381e-28,-1.0,0.0
1589.4888169765472,4089.0,2705.1,12.0,Inf,3.3,2.1316282072803006e-14,6.497786594697381e-28,4.618527782440651e-14,-1.0,1.6172388282657335e-15,2.4290481810256224e-15,3.245437019474288e-15,6.497786594697381e-28,-1.0,0.0
1594.5495538711548,4102.0,2718.1,12.0,Inf,3.3,2.1316282072803006e-14,6.497786594697381e-28,4.618527782440651e-14,-1.0,1.6172388282657335e-15,2.4290481810256224e-15,3.245437019474288e-15,6.497786594697381e-28,-1.0,0.0
1599.645416021347,4115.0,2731.1,12.0,Inf,3.3,2.1316282072803006e-14,6.497786594697381e-28,4.618527782440651e-14,-1.0,1.6172388282657335e-15,2.4290481810256224e-15,3.245437019474288e-15,6.497786594697381e-28,-1.0,0.0
1604.8251540660858,4128.0,2744.1,12.0,Inf,3.3,2.1316282072803006e-14,6.497786594697381e-28,4.618527782440651e-14,-1.0,1.6172388282657335e-15,2.4290481810256224e-15,3.245437019474288e-15,6.497786594697381e-28,-1.0,0.0
1610.0411748886108,4141.0,2757.1,12.0,Inf,3.3,2.1316282072803006e-14,6.497786594697381e-28,4.618527782440651e-14,-1.0,1.6172388282657335e-15,2.4290481810256224e-15,3.245437019474288e-15,6.497786594697381e-28,-1.0,0.0
1615.286964893341,4154.0,2770.1,12.0,Inf,3.3,2.1316282072803006e-14,6.497786594697381e-28,4.618527782440651e-14,-1.0,1.6172388282657335e-15,2.4290481810256224e-15,3.245437019474288e-15,6.497786594697381e-28,-1.0,0.0
1620.537899017334,4167.0,2783.1,12.0,Inf,3.3,2.1316282072803006e-14,6.497786594697381e-28,4.618527782440651e-14,-1.0,1.6172388282657335e-15,2.4290481810256224e-15,3.245437019474288e-15,6.497786594697381e-28,-1.0,0.0
1625.700525045395,4180.0,2796.1,12.0,Inf,3.3,2.1316282072803006e-14,6.497786594697381e-28,4.618527782440651e-14,-1.0,1.6172388282657335e-15,2.4290481810256224e-15,3.245437019474288e-15,6.497786594697381e-28,-1.0,0.0
1630.9323379993439,4193.0,2809.1,12.0,Inf,3.3,2.1316282072803006e-14,6.497786594697381e-28,4.618527782440651e-14,-1.0,1.6172388282657335e-15,2.4290481810256224e-15,3.245437019474288e-15,6.497786594697381e-28,-1.0,0.0
1636.308063030243,4206.0,2822.1,12.0,Inf,3.3,2.1316282072803006e-14,6.497786594697381e-28,4.618527782440651e-14,-1.0,1.6172388282657335e-15,2.4290481810256224e-15,3.245437019474288e-15,6.497786594697381e-28,-1.0,0.0
1641.5825600624084,4219.0,2835.1,12.0,Inf,3.3,2.1316282072803006e-14,6.497786594697381e-28,4.618527782440651e-14,-1.0,1.6172388282657335e-15,2.4290481810256224e-15,3.245437019474288e-15,6.497786594697381e-28,-1.0,0.0
1646.7538149356842,4232.0,2848.1,12.0,Inf,3.3,2.1316282072803006e-14,6.497786594697381e-28,4.618527782440651e-14,-1.0,1.6172388282657335e-15,2.4290481810256224e-15,3.245437019474288e-15,6.497786594697381e-28,-1.0,0.0
1651.9703130722046,4245.0,2861.1,12.0,Inf,3.3,2.1316282072803006e-14,6.497786594697381e-28,4.618527782440651e-14,-1.0,1.6172388282657335e-15,2.4290481810256224e-15,3.245437019474288e-15,6.497786594697381e-28,-1.0,0.0
1657.2837340831757,4258.0,2874.1,12.0,Inf,3.3,2.1316282072803006e-14,6.497786594697381e-28,4.618527782440651e-14,-1.0,1.6172388282657335e-15,2.4290481810256224e-15,3.245437019474288e-15,6.497786594697381e-28,-1.0,0.0
1662.5698020458221,4271.0,2887.1,12.0,Inf,3.3,2.1316282072803006e-14,6.497786594697381e-28,4.618527782440651e-14,-1.0,1.6172388282657335e-15,2.4290481810256224e-15,3.245437019474288e-15,6.497786594697381e-28,-1.0,0.0
1667.835144996643,4284.0,2900.1,12.0,Inf,3.3,2.1316282072803006e-14,6.497786594697381e-28,4.618527782440651e-14,-1.0,1.6172388282657335e-15,2.4290481810256224e-15,3.245437019474288e-15,6.497786594697381e-28,-1.0,0.0
1673.1105048656464,4297.0,2913.1,12.0,Inf,3.3,2.1316282072803006e-14,6.497786594697381e-28,4.618527782440651e-14,-1.0,1.6172388282657335e-15,2.4290481810256224e-15,3.245437019474288e-15,6.497786594697381e-28,-1.0,0.0
1678.4486870765686,4310.0,2926.1,12.0,Inf,3.3,2.1316282072803006e-14,6.497786594697381e-28,4.618527782440651e-14,-1.0,1.6172388282657335e-15,2.4290481810256224e-15,3.245437019474288e-15,6.497786594697381e-28,-1.0,0.0
1683.7197480201721,4323.0,2939.1,12.0,Inf,3.3,2.1316282072803006e-14,6.497786594697381e-28,4.618527782440651e-14,-1.0,1.6172388282657335e-15,2.4290481810256224e-15,3.245437019474288e-15,6.497786594697381e-28,-1.0,0.0
1689.0309660434723,4336.0,2952.1,12.0,Inf,3.3,2.1316282072803006e-14,6.497786594697381e-28,4.618527782440651e-14,-1.0,1.6172388282657335e-15,2.4290481810256224e-15,3.245437019474288e-15,6.497786594697381e-28,-1.0,0.0
1694.282800912857,4349.0,2965.1,12.0,Inf,3.3,2.1316282072803006e-14,6.497786594697381e-28,4.618527782440651e-14,-1.0,1.6172388282657335e-15,2.4290481810256224e-15,3.245437019474288e-15,6.497786594697381e-28,-1.0,0.0
1699.5870249271393,4362.0,2978.1,12.0,Inf,3.3,2.1316282072803006e-14,6.497786594697381e-28,4.618527782440651e-14,-1.0,1.6172388282657335e-15,2.4290481810256224e-15,3.245437019474288e-15,6.497786594697381e-28,-1.0,0.0
1704.950464963913,4375.0,2991.1,12.0,Inf,3.3,2.1316282072803006e-14,6.497786594697381e-28,4.618527782440651e-14,-1.0,1.6172388282657335e-15,2.4290481810256224e-15,3.245437019474288e-15,6.497786594697381e-28,-1.0,0.0
1710.286947965622,4388.0,3004.1,12.0,Inf,3.3,2.1316282072803006e-14,6.497786594697381e-28,4.618527782440651e-14,-1.0,1.6172388282657335e-15,2.4290481810256224e-15,3.245437019474288e-15,6.497786594697381e-28,-1.0,0.0
1715.591449022293,4401.0,3017.1,12.0,Inf,3.3,2.1316282072803006e-14,6.497786594697381e-28,4.618527782440651e-14,-1.0,1.6172388282657335e-15,2.4290481810256224e-15,3.245437019474288e-15,6.497786594697381e-28,-1.0,0.0
1720.934690952301,4414.0,3030.1,12.0,Inf,3.3,2.1316282072803006e-14,6.497786594697381e-28,4.618527782440651e-14,-1.0,1.6172388282657335e-15,2.4290481810256224e-15,3.245437019474288e-15,6.497786594697381e-28,-1.0,0.0
1725.9959590435028,4426.0,3042.1,12.0,Inf,3.3,2.1316282072803006e-14,6.497786594697381e-28,4.618527782440651e-14,-1.0,1.6172388282657335e-15,2.4290481810256224e-15,3.245437019474288e-15,6.497786594697381e-28,-1.0,0.0
1731.3885049819946,4439.0,3055.1,12.0,Inf,3.3,2.1316282072803006e-14,6.497786594697381e-28,4.618527782440651e-14,-1.0,1.6172388282657335e-15,2.4290481810256224e-15,3.245437019474288e-15,6.497786594697381e-28,-1.0,0.0
1736.485286951065,4451.0,3067.1,12.0,Inf,3.3,2.1316282072803006e-14,6.497786594697381e-28,4.618527782440651e-14,-1.0,1.6172388282657335e-15,2.4290481810256224e-15,3.245437019474288e-15,6.497786594697381e-28,-1.0,0.0
1741.5863299369812,4463.0,3079.1,12.0,Inf,3.3,2.1316282072803006e-14,6.497786594697381e-28,4.618527782440651e-14,-1.0,1.6172388282657335e-15,2.4290481810256224e-15,3.245437019474288e-15,6.497786594697381e-28,-1.0,0.0
1746.642910003662,4475.0,2810.6363636363635,13.272727272727273,Inf,3.5454545454545454,2.1316282072803006e-14,6.497786594697381e-28,4.440892098500626e-14,-1.0,1.6172388282657335e-15,2.427250149194136e-15,3.245437019474288e-15,6.497786594697381e-28,-1.0,0.0
1751.7364559173584,4487.0,2822.6363636363635,13.272727272727273,Inf,3.5454545454545454,2.1316282072803006e-14,6.497786594697381e-28,4.440892098500626e-14,-1.0,1.6172388282657335e-15,2.427250149194136e-15,3.245437019474288e-15,6.497786594697381e-28,-1.0,0.0
1756.8083190917969,4499.0,2834.6363636363635,13.272727272727273,Inf,3.5454545454545454,2.1316282072803006e-14,6.497786594697381e-28,4.440892098500626e-14,-1.0,1.6172388282657335e-15,2.427250149194136e-15,3.245437019474288e-15,6.497786594697381e-28,-1.0,0.0
1761.9617080688477,4511.0,2846.6363636363635,13.272727272727273,Inf,3.5454545454545454,2.1316282072803006e-14,6.497786594697381e-28,4.440892098500626e-14,-1.0,1.6172388282657335e-15,2.427250149194136e-15,3.245437019474288e-15,6.497786594697381e-28,-1.0,0.0
1767.0969638824463,4523.0,2858.6363636363635,13.272727272727273,Inf,3.5454545454545454,2.1316282072803006e-14,6.497786594697381e-28,4.440892098500626e-14,-1.0,1.6172388282657335e-15,2.427250149194136e-15,3.245437019474288e-15,6.497786594697381e-28,-1.0,0.0
1772.2669849395752,4535.0,2870.6363636363635,13.272727272727273,Inf,3.5454545454545454,2.1316282072803006e-14,6.497786594697381e-28,4.440892098500626e-14,-1.0,1.6172388282657335e-15,2.427250149194136e-15,3.245437019474288e-15,6.497786594697381e-28,-1.0,0.0
1777.4627540111542,4547.0,2882.6363636363635,13.272727272727273,Inf,3.5454545454545454,2.1316282072803006e-14,6.497786594697381e-28,4.440892098500626e-14,-1.0,1.6172388282657335e-15,2.427250149194136e-15,3.245437019474288e-15,6.497786594697381e-28,-1.0,0.0
1782.7681119441986,4559.0,2894.6363636363635,13.272727272727273,Inf,3.5454545454545454,2.1316282072803006e-14,6.497786594697381e-28,4.440892098500626e-14,-1.0,1.6172388282657335e-15,2.427250149194136e-15,3.245437019474288e-15,6.497786594697381e-28,-1.0,0.0
1788.0240659713745,4571.0,2906.6363636363635,13.272727272727273,Inf,3.5454545454545454,2.1316282072803006e-14,6.497786594697381e-28,4.440892098500626e-14,-1.0,1.6172388282657335e-15,2.427250149194136e-15,3.245437019474288e-15,6.497786594697381e-28,-1.0,0.0
1793.3060200214386,4583.0,2918.6363636363635,13.272727272727273,Inf,3.5454545454545454,2.1316282072803006e-14,6.497786594697381e-28,4.440892098500626e-14,-1.0,1.6172388282657335e-15,2.427250149194136e-15,3.245437019474288e-15,6.497786594697381e-28,-1.0,0.0
1798.716877937317,4595.0,2930.6363636363635,13.272727272727273,Inf,3.5454545454545454,2.1316282072803006e-14,6.497786594697381e-28,4.440892098500626e-14,-1.0,1.6172388282657335e-15,2.427250149194136e-15,3.245437019474288e-15,6.497786594697381e-28,-1.0,0.0
