time,generation,mean age hall_of_fame,mean compl,mean custom_compl,mean n_params,min mae,min mse,min max_ae,min minus_r2,min mare,min q75_are,min max_are,min ms_processed_e,min minus_spearman,max penalty
111.36823201179504,1.0,0.0,5.666666666666667,7.666666666666667,1.0,0.04934510058880664,0.0058620274399742815,0.3301709001183634,-0.3859023753687194,1.000111485562149,1.002446156557148,44.61332617433419,0.0058620274399742815,-0.7975152753340667,2.0
149.7474489212036,2.0,0.5,5.5,7.5,1.0,0.04934510058880664,0.0058620274399742815,0.3301709001183634,-0.3859023753687194,1.0001118272345777,1.0024465904615951,44.62106239878942,0.0058620274399742815,-0.7975152753340667,2.0
186.54971385002136,3.0,1.0,5.2,6.6,1.0,0.04934510058880664,0.0058620274399742815,0.3301709001183634,-0.3859023753687194,1.0001118272345777,1.0024465904615951,44.62106239878942,0.0058620274399742815,-0.7975152753340667,2.0
219.7704849243164,4.0,2.0,5.2,6.6,1.0,0.04934510058880664,0.0058620274399742815,0.3301709001183634,-0.3859023753687194,1.0001118272345777,1.0024465904615951,44.62106239878942,0.0058620274399742815,-0.7975152753340667,2.0
253.15710997581482,5.0,2.142857142857143,7.285714285714286,8.714285714285714,1.2857142857142858,0.04934510058880664,0.0058620274399742815,0.3301709001183634,-0.3859023753687194,1.0001118272345777,1.0024465904615951,44.62106239878942,0.0058620274399742815,-0.7975152753340667,2.0
284.17986488342285,6.0,2.0,8.875,10.25,1.5,0.03125323841816156,0.003039721823412831,0.3301709001183634,-0.6815630819862089,1.0001118272345777,1.0024465904615951,44.62106239878942,0.003039721823412831,-0.7975152753340667,2.0
315.094025850296,7.0,1.1666666666666667,7.5,8.166666666666666,1.8333333333333333,0.026014324126540308,0.0016120109493338052,0.33405517407959384,-0.8311280346258754,1.0001118272345777,1.0024465904615951,44.62106239878942,0.0016120109493338052,-0.8536182780359619,1.0
346.57541584968567,8.0,1.4285714285714286,8.285714285714286,9.0,1.8571428571428572,0.026014324126540308,0.0016120109493338052,0.33405517407959384,-0.8311280346258754,1.0001118272345777,1.0024465904615951,44.62106239878942,0.0016120109493338052,-0.8536182780359619,1.0
378.5804400444031,9.0,2.2857142857142856,8.428571428571429,9.0,1.8571428571428572,0.026014324126540308,0.0016120109493338052,0.33405517407959384,-0.8311280346258754,1.0001118272345777,1.0024465904615951,44.62106239878942,0.0016120109493338052,-0.8536182780359619,1.0
412.1340708732605,10.0,3.0,8.428571428571429,9.0,1.8571428571428572,0.026014324126540308,0.0016120109493338052,0.33405517407959384,-0.8311280346258754,1.0001118272345777,1.0024465904615951,44.62106239878942,0.0016120109493338052,-0.8536182780359619,1.0
446.4490649700165,11.0,3.4285714285714284,8.428571428571429,9.0,1.8571428571428572,0.02601432436845463,0.001612010677026313,0.33405517407959384,-0.8311280631524194,1.0001118272345777,1.0024465904615951,44.62106239878942,0.001612010677026313,-0.8536184227421313,1.0
479.4546320438385,12.0,4.428571428571429,8.428571428571429,9.0,1.8571428571428572,0.02601432436845463,0.001612010677026313,0.33405517407959384,-0.8311280631524194,1.0001118272345777,1.0024465904615951,44.62106239878942,0.001612010677026313,-0.8536184227421313,1.0
514.252326965332,13.0,4.833333333333333,8.5,9.333333333333334,1.8333333333333333,0.02601432436845463,0.001612010677026313,0.33405517407959384,-0.8311280631524194,1.0001118272345777,1.0024465904615951,44.62106239878942,0.001612010677026313,-0.8536184227421313,1.0
551.0066709518433,14.0,5.0,9.142857142857142,10.0,2.0,0.02601432436845463,0.001612010677026313,0.33405517407959384,-0.8311280631524194,1.0001118272345777,1.0024465904615951,44.62106239878942,0.001612010677026313,-0.8536184227421313,1.0
585.3353469371796,15.0,4.714285714285714,9.142857142857142,10.0,2.0,0.02601432436845463,0.001612010677026313,0.33405517407959384,-0.8311280631524194,1.0001118272345777,1.0024465904615951,44.62106239878942,0.001612010677026313,-0.8536184227421313,1.0
621.2276659011841,16.0,4.444444444444445,10.333333333333334,11.333333333333334,2.2222222222222223,0.02601432436845463,0.001612010677026313,0.25924167145662363,-0.8311280631524194,1.0001118272345777,1.0024465904615951,44.62106239878942,0.001612010677026313,-0.8784419051596087,1.0
657.8483898639679,17.0,5.444444444444445,10.333333333333334,11.333333333333334,2.2222222222222223,0.02601432436845463,0.001612010677026313,0.25924167145662363,-0.8311280631524194,1.0001118272345777,1.0024465904615951,44.62106239878942,0.001612010677026313,-0.8784419051596087,1.0
695.6713569164276,18.0,5.8,10.6,11.7,2.3,0.02601432436845463,0.001612010677026313,0.25924167145662363,-0.8311280631524194,1.0001118272345777,1.0024465904615951,44.62106239878942,0.001612010677026313,-0.8784419051596087,1.0
731.3240010738373,19.0,6.181818181818182,10.181818181818182,11.363636363636363,2.1818181818181817,0.02601432436845463,0.001612010677026313,0.25924167145662363,-0.8311280631524194,1.0001118272345777,1.0024465904615951,44.62106239878942,0.001612010677026313,-0.8784419051596087,1.0
772.4283318519592,20.0,7.1,9.7,10.8,2.1,0.02601432436845463,0.001612010677026313,0.25924167145662363,-0.8311280631524194,1.0001118272345777,1.0024465904615951,44.62106239878942,0.001612010677026313,-0.8784419051596087,1.0
810.2045800685883,21.0,8.1,9.7,10.8,2.1,0.02601432436845463,0.001612010677026313,0.25924167145662363,-0.8311280631524194,1.0001118272345777,1.0024465904615951,44.62106239878942,0.001612010677026313,-0.8784419051596087,1.0
846.4591748714447,22.0,7.7272727272727275,10.909090909090908,12.090909090909092,2.3636363636363638,0.02601432436845463,0.001612010677026313,0.23037032833661072,-0.8311280631524194,1.0001118272345777,1.0024465904615951,44.62106239878942,0.001612010677026313,-0.8812909658774856,1.0
882.3235878944397,23.0,7.333333333333333,11.666666666666666,12.916666666666666,2.5833333333333335,0.022531424448972555,0.0011470847520038045,0.230350729209581,-0.8798330392224523,1.0001118272345777,1.0024465904615951,44.62106239878942,0.0011470847520038045,-0.8873499616428866,1.0
920.0709619522095,24.0,7.6923076923076925,12.307692307692308,13.615384615384615,2.6153846153846154,0.022531424448972555,0.0011470847520038045,0.230350729209581,-0.8798330392224523,1.0001118272345777,1.0024465904615951,44.62106239878942,0.0011470847520038045,-0.8873499616428866,1.0
959.8322050571442,25.0,8.071428571428571,13.214285714285714,14.571428571428571,2.7857142857142856,0.021985751507854367,0.001060125899746567,0.230350729209581,-0.8889427244224359,1.0001118272345777,1.0024465904615951,44.62106239878942,0.001060125899746567,-0.8873499616428866,1.0
1002.8331089019775,26.0,8.466666666666667,13.866666666666667,15.266666666666667,2.933333333333333,0.021985751507854367,0.001060125899746567,0.22823294771402652,-0.8889427244224359,1.0001118272345777,1.0024465904615951,44.62106239878942,0.001060125899746567,-0.8873499616428866,1.0
1045.7799909114838,27.0,8.0,14.6875,16.125,3.0625,0.021833824046266197,0.0010472791005349809,0.22823294771402652,-0.8902885367647925,1.0001118272345777,1.0024465904615951,44.62106239878942,0.0010472791005349809,-0.8873499616428866,1.0
1089.3724608421326,28.0,7.176470588235294,15.176470588235293,16.764705882352942,3.1176470588235294,0.021655730874234447,0.001023325113400665,0.22823294771402652,-0.8927979222547547,1.0001118272345777,1.0024465904615951,44.62106239878942,0.001023325113400665,-0.8873499616428866,2.0
1132.5657088756561,29.0,7.882352941176471,15.176470588235293,16.764705882352942,3.1176470588235294,0.021580777401629402,0.001014541945341951,0.22823294771402652,-0.8937180343997121,1.0001118272345777,1.0024465904615951,44.62106239878942,0.001014541945341951,-0.8873499616428866,2.0
1174.2021129131317,30.0,7.705882352941177,15.176470588235293,16.764705882352942,3.1176470588235294,0.021576303071088345,0.0010141128335911563,0.22823294771402652,-0.8937629875340265,1.0001118272345777,1.0024465904615951,44.62106239878942,0.0010141128335911563,-0.8873499616428866,2.0
1218.3114318847656,31.0,7.833333333333333,15.055555555555555,16.61111111111111,3.111111111111111,0.021576303071088345,0.0010141128335911563,0.22823294771402652,-0.8937629875340265,1.0001118272345777,1.0024465904615951,44.62106239878942,0.0010141128335911563,-0.8873499616428866,2.0
1264.4666018486023,32.0,7.6,15.1,16.6,3.1,0.02157412590791514,0.0010138699978540203,0.22823294771402652,-0.8937884266591207,1.0001118272345777,1.0024465904615951,44.62106239878942,0.0010138699978540203,-0.8873499616428866,2.0
1309.829705953598,33.0,7.65,15.1,16.55,3.15,0.02157412590791514,0.0010138699978540203,0.22823294771402652,-0.8937884266591207,1.0001118272345777,1.0024465904615951,44.62106239878942,0.0010138699978540203,-0.8873499616428866,2.0
1352.6924438476562,34.0,8.142857142857142,15.476190476190476,17.047619047619047,3.238095238095238,0.02157412590791514,0.0010138699978540203,0.22823294771402652,-0.8937884266591207,1.0001118272345777,1.0024465904615951,44.62106239878942,0.0010138699978540203,-0.8873499616428866,2.0
1398.8628768920898,35.0,8.181818181818182,15.681818181818182,17.272727272727273,3.227272727272727,0.02157412590791514,0.0010138699978540203,0.22823294771402652,-0.8937884266591207,1.0001118272345777,1.0024465904615951,44.62106239878942,0.0010138699978540203,-0.8866545343552263,2.0
1449.8439779281616,36.0,7.5,15.772727272727273,17.454545454545453,3.3636363636363638,0.02157412590791514,0.0010138699978540203,0.22823294771402652,-0.8937884266591207,1.0001118272345777,1.0024465904615951,44.62106239878942,0.0010138699978540203,-0.8866545343552263,2.0
1499.5910048484802,37.0,7.75,16.25,18.0,3.4583333333333335,0.02157412590791514,0.0010138699978540203,0.22823294771402652,-0.8937884266591207,1.0001118272345777,1.0024465904615951,44.62106239878942,0.0010138699978540203,-0.8866545343552263,2.0
1550.722051858902,38.0,7.423076923076923,16.923076923076923,18.76923076923077,3.6153846153846154,0.02157412590791514,0.0010138699978540203,0.22823294771402652,-0.8937884266591207,1.0001118272345777,1.000002080431115,44.62106239878942,0.0010138699978540203,-0.8866545343552263,2.0
1602.6578528881073,39.0,7.925925925925926,17.14814814814815,18.962962962962962,3.740740740740741,0.02157412590791514,0.0010138699978540203,0.22222738400603226,-0.8937884266591207,1.0001118272345777,1.0024465904615951,44.62106239878942,0.0010138699978540203,-0.8866545343552263,2.0
1655.379184961319,40.0,7.92,16.4,18.32,3.56,0.021298349618335276,0.0009349983153742411,0.2618171232965635,-0.9020509115003239,1.0001118272345777,1.0024465904615951,44.62106239878942,0.0009349983153742411,-0.8874308025301708,6.0
1712.1846928596497,41.0,8.72,16.36,18.32,3.56,0.021298349618335276,0.0009349983153742411,0.2618171232965635,-0.9020509115003239,1.0001118272345777,1.0024465904615951,44.62106239878942,0.0009349983153742411,-0.8874308025301708,6.0
1768.8470659255981,42.0,8.666666666666666,16.555555555555557,18.59259259259259,3.5925925925925926,0.021298349618335276,0.0009349983153742411,0.2618171232965635,-0.9020509115003239,1.0001118272345777,1.0024465904615951,44.62106239878942,0.0009349983153742411,-0.8883059066705951,6.0
1825.4687869548798,43.0,9.68,16.08,18.12,3.48,0.021298349618335276,0.0009349983153742411,0.2618171232965635,-0.9020509115003239,1.0001118272345777,1.0024465904615951,44.62106239878942,0.0009349983153742411,-0.8883059066705951,6.0
1881.245362997055,44.0,10.44,16.12,18.12,3.48,0.021298349618335276,0.0009349983153742411,0.2618171232965635,-0.9020509115003239,1.0001118272345777,1.0024465904615951,44.62106239878942,0.0009349983153742411,-0.8883059066705951,6.0
1936.3434538841248,45.0,10.26086956521739,14.91304347826087,16.82608695652174,3.347826086956522,0.021298349618335276,0.0009349983153742411,0.2618171232965635,-0.9020509115003239,1.0001118272345777,1.0024465904615951,44.62106239878942,0.0009349983153742411,-0.8883059066705951,6.0
1987.4189040660858,46.0,10.791666666666666,14.666666666666666,16.583333333333332,3.2916666666666665,0.021298349618335276,0.0009349983153742411,0.2618171232965635,-0.9020509115003239,1.0001118272345777,1.0024465904615951,44.62106239878942,0.0009349983153742411,-0.8883059066705951,6.0
2040.0749518871307,47.0,11.583333333333334,14.583333333333334,16.5,3.2916666666666665,0.021298349618335276,0.0009349983153742411,0.2618171232965635,-0.9020509115003239,1.0001118272345777,1.0024465904615951,44.62106239878942,0.0009349983153742411,-0.8874308025301708,6.0
2097.487827062607,48.0,11.666666666666666,15.0,16.916666666666668,3.4166666666666665,0.021298349618335276,0.0009349983153742411,0.25944888399808147,-0.9020509115003239,1.0001118272345777,1.0024465904615951,44.62106239878942,0.0009349983153742411,-0.8874308025301708,6.0
2153.474911928177,49.0,12.416666666666666,14.916666666666666,16.791666666666668,3.375,0.021298349618335276,0.0009349983153742411,0.25944888399808147,-0.9020509115003239,1.0001118272345777,1.0024465904615951,44.62106239878942,0.0009349983153742411,-0.8874308025301708,6.0
2213.102926969528,50.0,12.88,15.16,17.04,3.44,0.021298349618335276,0.0009349983153742411,0.25944888399808147,-0.9020509115003239,1.0001118272345777,1.0024465904615951,44.62106239878942,0.0009349983153742411,-0.8874308025301708,6.0
2271.8214390277863,51.0,11.666666666666666,15.444444444444445,17.333333333333332,3.4814814814814814,0.021298349618335276,0.0009349983153742411,0.25944888399808147,-0.9020509115003239,1.0001118272345777,1.0024465904615951,44.62106239878942,0.0009349983153742411,-0.8874308025301708,6.0
2331.6050419807434,52.0,12.807692307692308,15.038461538461538,16.884615384615383,3.3846153846153846,0.021298349618335276,0.0009349983153742411,0.25944888399808147,-0.9020509115003239,1.0001118272345777,1.0024465904615951,44.62106239878942,0.0009349983153742411,-0.8874308025301708,6.0
2392.5562410354614,53.0,12.444444444444445,15.592592592592593,17.40740740740741,3.4814814814814814,0.021298349618335276,0.0009349983153742411,0.25944888399808147,-0.9020509115003239,1.0001118272345777,1.0024465904615951,44.62106239878942,0.0009349983153742411,-0.8874308025301708,6.0
2451.2954518795013,54.0,12.928571428571429,16.107142857142858,17.928571428571427,3.5714285714285716,0.021298349618335276,0.0009349983153742411,0.25944888399808147,-0.9020509115003239,1.0001118272345777,1.0024465904615951,44.62106239878942,0.0009349983153742411,-0.8874308025301708,6.0
2508.943587064743,55.0,13.714285714285714,16.428571428571427,18.321428571428573,3.642857142857143,0.021298349618335276,0.0009349983153742411,0.25944888399808147,-0.9020509115003239,1.0001118272345777,1.0024465904615951,44.62106239878942,0.0009349983153742411,-0.8874308025301708,6.0
2566.312106847763,56.0,14.172413793103448,16.862068965517242,18.82758620689655,3.7586206896551726,0.021298349618335276,0.0009349983153742411,0.25944888399808147,-0.9020509115003239,1.0001118272345777,1.0024465904615951,44.62106239878942,0.0009349983153742411,-0.8874308025301708,6.0
2625.9101209640503,57.0,15.172413793103448,16.862068965517242,18.82758620689655,3.7586206896551726,0.021298349618335276,0.0009349983153742411,0.25944888399808147,-0.9020509115003239,1.0001118272345777,1.0024465904615951,44.62106239878942,0.0009349983153742411,-0.8874308025301708,6.0
2681.728812932968,58.0,12.724137931034482,16.96551724137931,18.896551724137932,3.793103448275862,0.021298349618335276,0.0009349983153742411,0.25944888399808147,-0.9020509115003239,1.0001118272345777,1.0024465904615951,44.62106239878942,0.0009349983153742411,-0.8874308025301708,6.0
2741.5371899604797,59.0,13.2,17.266666666666666,19.133333333333333,3.8333333333333335,0.021298349618335276,0.0009349983153742411,0.25944888399808147,-0.9020509115003239,1.0001118272345777,1.0024465904615951,44.62106239878942,0.0009349983153742411,-0.8874308025301708,6.0
2801.3943898677826,60.0,12.233333333333333,17.333333333333332,19.133333333333333,3.8333333333333335,0.021298349618335276,0.0009349983153742411,0.25944888399808147,-0.9020509115003239,1.0001118272345777,1.0024465904615951,44.62106239878942,0.0009349983153742411,-0.8874308025301708,6.0
2858.3470299243927,61.0,12.066666666666666,17.4,19.133333333333333,3.8333333333333335,0.021298349618335276,0.0009349983153742411,0.26857545252414483,-0.9020509115003239,1.0001118272345777,1.0024465904615951,44.62106239878942,0.0009349983153742411,-0.892420521642218,6.0
2917.1790628433228,62.0,12.64516129032258,17.70967741935484,19.483870967741936,3.903225806451613,0.021298349618335276,0.0009349983153742411,0.26857545252414483,-0.9020509115003239,1.0001118272345777,1.0024465904615951,44.62106239878942,0.0009349983153742411,-0.892420521642218,6.0
2975.8500208854675,63.0,13.64516129032258,17.70967741935484,19.483870967741936,3.903225806451613,0.021298349618335276,0.0009349983153742411,0.26857545252414483,-0.9020509115003239,1.0001118272345777,1.0024465904615951,44.62106239878942,0.0009349983153742411,-0.892420521642218,6.0
3035.4933059215546,64.0,14.096774193548388,17.741935483870968,19.451612903225808,3.903225806451613,0.021298349618335276,0.0009349983153742411,0.26857545252414483,-0.9020509115003239,1.0001118272345777,1.0024465904615951,44.62106239878942,0.0009349983153742411,-0.892420521642218,6.0
3095.8094420433044,65.0,14.838709677419354,17.741935483870968,19.451612903225808,3.903225806451613,0.021298349618335276,0.0009349983153742411,0.26857545252414483,-0.9020509115003239,1.0001118272345777,1.0024465904615951,44.62106239878942,0.0009349983153742411,-0.892420521642218,6.0
3153.9702360630035,66.0,15.838709677419354,17.741935483870968,19.451612903225808,3.903225806451613,0.021298349618335276,0.0009349983153742411,0.26857545252414483,-0.9020509115003239,1.0001118272345777,1.0024465904615951,44.62106239878942,0.0009349983153742411,-0.892420521642218,6.0
3215.666270017624,67.0,15.193548387096774,17.516129032258064,19.387096774193548,3.903225806451613,0.021298349618335276,0.0009349983153742411,0.23284969964829705,-0.9020509115003239,1.0001118272345777,1.0024465904615951,44.62106239878942,0.0009349983153742411,-0.892420521642218,6.0
3275.584333896637,68.0,16.193548387096776,17.516129032258064,19.387096774193548,3.903225806451613,0.021298349618335276,0.0009349983153742411,0.23284969964829705,-0.9020509115003239,1.0001118272345777,1.0024465904615951,44.62106239878942,0.0009349983153742411,-0.892420521642218,6.0
3338.0631420612335,69.0,16.70967741935484,17.483870967741936,19.387096774193548,3.903225806451613,0.021298349618335276,0.0009349983153742411,0.23284969964829705,-0.9020509115003239,1.0001118272345777,1.0024465904615951,44.62106239878942,0.0009349983153742411,-0.892420521642218,6.0
3398.688683986664,70.0,15.78125,17.6875,19.71875,3.96875,0.021298349618335276,0.0009349983153742411,0.23284969964829705,-0.9020509115003239,1.0001118272345777,1.0024465904615951,44.62106239878942,0.0009349983153742411,-0.892420521642218,6.0
3461.484680891037,71.0,16.161290322580644,17.322580645161292,19.29032258064516,3.903225806451613,0.021307807841062478,0.0009261650081022778,0.23284969964829705,-0.902976276157671,1.0001118272345777,1.0024465904615951,44.62106239878942,0.0009261650081022778,-0.892420521642218,3.0
3527.5771930217743,72.0,16.451612903225808,17.322580645161292,19.29032258064516,3.903225806451613,0.021307807841062478,0.0009261650081022778,0.23284969964829705,-0.902976276157671,1.0001118272345777,1.0024465904615951,44.62106239878942,0.0009261650081022778,-0.892420521642218,3.0
3592.784031867981,73.0,17.419354838709676,17.322580645161292,19.29032258064516,3.903225806451613,0.021307807841062478,0.0009261650081022778,0.23284969964829705,-0.902976276157671,1.0001118272345777,1.0024465904615951,44.62106239878942,0.0009261650081022778,-0.892420521642218,3.0
3658.577185869217,74.0,18.387096774193548,17.322580645161292,19.29032258064516,3.903225806451613,0.021307807841062478,0.0009261650081022778,0.23284969964829705,-0.902976276157671,1.0001118272345777,1.0024465904615951,44.62106239878942,0.0009261650081022778,-0.892420521642218,3.0
3721.4928040504456,75.0,18.75,17.15625,19.125,3.84375,0.021307807841062478,0.0009261650081022778,0.23284969964829705,-0.902976276157671,1.0001118272345777,1.0024465904615951,44.62106239878942,0.0009261650081022778,-0.892420521642218,3.0
3787.0361959934235,76.0,19.40625,17.15625,19.125,3.84375,0.021307807841062478,0.0009261650081022778,0.23284969964829705,-0.902976276157671,1.0001118272345777,1.0024465904615951,44.62106239878942,0.0009261650081022778,-0.892420521642218,3.0
3853.425956964493,77.0,20.40625,17.15625,19.125,3.84375,0.021307807841062478,0.0009261650081022778,0.23284969964829705,-0.902976276157671,1.0001118272345777,1.0024465904615951,44.62106239878942,0.0009261650081022778,-0.892420521642218,3.0
3913.4310879707336,78.0,20.393939393939394,17.393939393939394,19.424242424242426,3.909090909090909,0.021307807841062478,0.0009261650081022778,0.23284969964829705,-0.902976276157671,1.0001118272345777,1.0024465904615951,44.62106239878942,0.0009261650081022778,-0.892420521642218,3.0
3982.0660479068756,79.0,20.764705882352942,17.735294117647058,19.794117647058822,3.9705882352941178,0.021307807841062478,0.0009261650081022778,0.23284969964829705,-0.902976276157671,1.0001118272345777,1.0024465904615951,44.62106239878942,0.0009261650081022778,-0.892420521642218,3.0
4055.68834900856,80.0,22.15625,17.15625,19.09375,3.84375,0.021307807841062478,0.0009261650081022778,0.23284969964829705,-0.902976276157671,1.0001118272345777,1.0024465904615951,44.62106239878942,0.0009261650081022778,-0.892420521642218,3.0
4122.983695983887,81.0,21.966666666666665,16.766666666666666,18.733333333333334,3.7666666666666666,0.021307807841062478,0.0009261650081022778,0.23284969964829705,-0.902976276157671,1.0001118272345777,1.0024465904615951,44.62106239878942,0.0009261650081022778,-0.8916883556658713,3.0
4195.696431875229,82.0,22.9,16.766666666666666,18.733333333333334,3.7666666666666666,0.021307807841062478,0.0009261650081022778,0.23284969964829705,-0.902976276157671,1.0001118272345777,1.0024465904615951,44.62106239878942,0.0009261650081022778,-0.8916883556658713,3.0
4262.691204071045,83.0,23.06451612903226,17.06451612903226,18.967741935483872,3.838709677419355,0.021307807841062478,0.0009261650081022778,0.23284969964829705,-0.902976276157671,1.0001118272345777,1.0024465904615951,44.62106239878942,0.0009261650081022778,-0.8916883556658713,3.0
4333.333943843842,84.0,23.535714285714285,16.214285714285715,18.0,3.607142857142857,0.021307807841062478,0.0009261650081022778,0.23284969964829705,-0.902976276157671,1.0001118272345777,1.0024465904615951,44.62106239878942,0.0009261650081022778,-0.8916883556658713,3.0
4397.743273019791,85.0,23.689655172413794,16.24137931034483,18.0,3.586206896551724,0.021307807841062478,0.0009261650081022778,0.23284969964829705,-0.902976276157671,1.0001118272345777,1.0024465904615951,44.62106239878942,0.0009261650081022778,-0.8916883556658713,3.0
4464.664201974869,86.0,24.689655172413794,16.24137931034483,18.0,3.586206896551724,0.021307807841062478,0.0009261650081022778,0.23284969964829705,-0.902976276157671,1.0001118272345777,1.0024465904615951,44.62106239878942,0.0009261650081022778,-0.8916883556658713,3.0
4533.265692949295,87.0,25.06896551724138,16.24137931034483,18.0,3.586206896551724,0.021307807841062478,0.0009261650081022778,0.23284969964829705,-0.902976276157671,1.0001118272345777,1.0024465904615951,44.62106239878942,0.0009261650081022778,-0.8916883556658713,3.0
4599.595067024231,88.0,26.423076923076923,14.692307692307692,16.26923076923077,3.230769230769231,0.02099844876181545,0.0009261650081022778,0.23284969964829705,-0.902976276157671,1.0001118272345777,1.0024465904615951,44.62106239878942,0.0009261650081022778,-0.8930211674332764,3.0
4665.712760925293,89.0,27.346153846153847,14.692307692307692,16.26923076923077,3.230769230769231,0.02099844876181545,0.0009261650081022778,0.23284969964829705,-0.902976276157671,1.0001118272345777,1.0024465904615951,44.62106239878942,0.0009261650081022778,-0.8930211674332764,3.0
4728.7591989040375,90.0,27.296296296296298,14.62962962962963,16.185185185185187,3.2222222222222223,0.02099844876181545,0.0009261650081022778,0.23284969964829705,-0.902976276157671,1.0001118272345777,1.0024465904615951,44.62106239878942,0.0009261650081022778,-0.8930211674332764,3.0
4794.77850985527,91.0,26.275862068965516,14.827586206896552,16.379310344827587,3.2413793103448274,0.02099844876181545,0.0009261650081022778,0.23284969964829705,-0.902976276157671,1.0001118272345777,1.0024465904615951,44.62106239878942,0.0009261650081022778,-0.8930211674332764,3.0
4860.246119022369,92.0,27.703703703703702,14.777777777777779,16.296296296296298,3.259259259259259,0.02099844876181545,0.0009261650081022778,0.23284969964829705,-0.902976276157671,1.0001118272345777,1.0024465904615951,44.62106239878942,0.0009261650081022778,-0.8930211674332764,3.0
4928.494776964188,93.0,28.703703703703702,14.777777777777779,16.296296296296298,3.259259259259259,0.02099844876181545,0.0009261650081022778,0.23284969964829705,-0.902976276157671,1.0001118272345777,1.0024465904615951,44.62106239878942,0.0009261650081022778,-0.8930211674332764,3.0
4988.978229999542,94.0,29.703703703703702,14.777777777777779,16.296296296296298,3.259259259259259,0.02099844876181545,0.0009261650081022778,0.23284969964829705,-0.902976276157671,1.0001118272345777,1.0024465904615951,44.62106239878942,0.0009261650081022778,-0.8930211674332764,3.0
5049.723248958588,95.0,30.703703703703702,14.777777777777779,16.296296296296298,3.259259259259259,0.02099844876181545,0.0009261650081022778,0.23284969964829705,-0.902976276157671,1.0001118272345777,1.0024465904615951,44.62106239878942,0.0009261650081022778,-0.8930211674332764,3.0
5110.001774072647,96.0,31.22222222222222,14.814814814814815,16.296296296296298,3.2222222222222223,0.02099844876181545,0.0009261650081022778,0.23284969964829705,-0.902976276157671,1.0001118272345777,1.0024465904615951,44.62106239878942,0.0009261650081022778,-0.8930211674332764,3.0
5174.346829891205,97.0,31.071428571428573,15.285714285714286,16.892857142857142,3.3214285714285716,0.02099844876181545,0.0009261650081022778,0.23284969964829705,-0.902976276157671,1.0001118272345777,1.0024465904615951,44.62106239878942,0.0009261650081022778,-0.8930211674332764,3.0
5233.768804073334,98.0,29.482758620689655,15.620689655172415,17.275862068965516,3.413793103448276,0.02099844876181545,0.0009261650081022778,0.23284969964829705,-0.902976276157671,1.0001118272345777,1.0024465904615951,44.62106239878942,0.0009261650081022778,-0.8930211674332764,3.0
5292.000732898712,99.0,29.214285714285715,15.571428571428571,17.392857142857142,3.4285714285714284,0.02099844876181545,0.0009261650081022778,0.23284969964829705,-0.902976276157671,1.0001118272345777,1.0024465904615951,44.62106239878942,0.0009261650081022778,-0.8930211674332764,3.0
5353.774015903473,100.0,29.185185185185187,15.407407407407407,17.22222222222222,3.4074074074074074,0.02099844876181545,0.0009261650081022778,0.25820157365297297,-0.902976276157671,1.0001118272345777,1.0024465904615951,44.62106239878942,0.0009261650081022778,-0.8930211674332764,3.0
5407.2994220256805,101.0,30.185185185185187,15.407407407407407,17.22222222222222,3.4074074074074074,0.02099844876181545,0.0009261650081022778,0.25820157365297297,-0.902976276157671,1.0001118272345777,1.0024465904615951,44.62106239878942,0.0009261650081022778,-0.8930211674332764,3.0
5468.485033035278,102.0,30.071428571428573,15.785714285714286,17.607142857142858,3.4642857142857144,0.02099844876181545,0.0009261650081022778,0.25820157365297297,-0.902976276157671,1.0001118272345777,1.0024465904615951,44.62106239878942,0.0009261650081022778,-0.8930211674332764,3.0
5532.078831911087,103.0,31.071428571428573,15.785714285714286,17.607142857142858,3.4642857142857144,0.02099844876181545,0.0009261650081022778,0.25820157365297297,-0.902976276157671,1.0001118272345777,1.0024465904615951,44.62106239878942,0.0009261650081022778,-0.8930211674332764,3.0
5594.902390956879,104.0,30.96551724137931,16.137931034482758,18.0,3.586206896551724,0.02099844876181545,0.0009261650081022778,0.25820157365297297,-0.902976276157671,1.0001118272345777,1.0024465904615951,44.62106239878942,0.0009261650081022778,-0.8930211674332764,3.0
5654.700199842453,105.0,30.633333333333333,16.1,17.933333333333334,3.533333333333333,0.02099844876181545,0.0009261650081022778,0.25820157365297297,-0.902976276157671,1.0001118272345777,1.0024465904615951,44.62106239878942,0.0009261650081022778,-0.8930211674332764,3.0
5716.910343885422,106.0,31.633333333333333,16.1,17.933333333333334,3.533333333333333,0.02099844876181545,0.0009261650081022778,0.25820157365297297,-0.902976276157671,1.0001118272345777,1.0024465904615951,44.62106239878942,0.0009261650081022778,-0.8930211674332764,3.0
5778.6503319740295,107.0,32.888888888888886,15.518518518518519,17.22222222222222,3.3703703703703702,0.02099844876181545,0.0009261650081022778,0.24785771968209006,-0.902976276157671,1.0001118272345777,1.0024465904615951,44.62106239878942,0.0009261650081022778,-0.8930211674332764,3.0
5839.474585056305,108.0,32.67857142857143,15.428571428571429,17.142857142857142,3.3214285714285716,0.02099844876181545,0.0009261650081022778,0.24785771968209006,-0.902976276157671,1.0001118272345777,1.0024465904615951,44.62106239878942,0.0009261650081022778,-0.8930211674332764,3.0
5901.656378030777,109.0,33.67857142857143,15.428571428571429,17.142857142857142,3.3214285714285716,0.02099844876181545,0.0009261650081022778,0.24785771968209006,-0.902976276157671,1.0001118272345777,1.0024465904615951,44.62106239878942,0.0009261650081022778,-0.8930211674332764,3.0
5966.921195983887,110.0,34.67857142857143,15.428571428571429,17.142857142857142,3.3214285714285716,0.02099844876181545,0.0009261650081022778,0.24785771968209006,-0.902976276157671,1.0001118272345777,1.0024465904615951,44.62106239878942,0.0009261650081022778,-0.8930211674332764,3.0
6028.724923849106,111.0,35.67857142857143,15.428571428571429,17.142857142857142,3.3214285714285716,0.02099844876181545,0.0009261650081022778,0.24785771968209006,-0.902976276157671,1.0001118272345777,1.0024465904615951,44.62106239878942,0.0009261650081022778,-0.8930211674332764,3.0
6088.728941917419,112.0,36.67857142857143,15.428571428571429,17.142857142857142,3.3214285714285716,0.02099844876181545,0.0009261650081022778,0.24785771968209006,-0.902976276157671,1.0001118272345777,1.0024465904615951,44.62106239878942,0.0009261650081022778,-0.8930211674332764,3.0
6153.292804002762,113.0,37.67857142857143,15.428571428571429,17.142857142857142,3.3214285714285716,0.02099844876181545,0.0009261650081022778,0.24785771968209006,-0.902976276157671,1.0001118272345777,1.0024465904615951,44.62106239878942,0.0009261650081022778,-0.8930211674332764,3.0
6219.742740869522,114.0,38.67857142857143,15.428571428571429,17.142857142857142,3.3214285714285716,0.02099844876181545,0.0009261650081022778,0.24785771968209006,-0.902976276157671,1.0001118272345777,1.0024465904615951,44.62106239878942,0.0009261650081022778,-0.8930211674332764,3.0
6286.462478876114,115.0,39.67857142857143,15.428571428571429,17.142857142857142,3.3214285714285716,0.02099844876181545,0.0009261650081022778,0.24785771968209006,-0.902976276157671,1.0001118272345777,1.0024465904615951,44.62106239878942,0.0009261650081022778,-0.8930211674332764,3.0
6348.829439878464,116.0,40.67857142857143,15.428571428571429,17.142857142857142,3.3214285714285716,0.02099844876181545,0.0009261650081022778,0.24785771968209006,-0.902976276157671,1.0001118272345777,1.0024465904615951,44.62106239878942,0.0009261650081022778,-0.8930211674332764,3.0
6417.515033006668,117.0,41.67857142857143,15.428571428571429,17.142857142857142,3.3214285714285716,0.02099844876181545,0.0009261650081022778,0.24785771968209006,-0.902976276157671,1.0001118272345777,1.0024465904615951,44.62106239878942,0.0009261650081022778,-0.8930211674332764,3.0
6480.2348549366,118.0,42.44444444444444,15.407407407407407,17.074074074074073,3.2962962962962963,0.02099844876181545,0.0009261650081022778,0.24785771968209006,-0.902976276157671,1.0001118272345777,1.0024465904615951,44.62106239878942,0.0009261650081022778,-0.8930211674332764,3.0
6542.975328922272,119.0,43.44444444444444,15.407407407407407,17.074074074074073,3.2962962962962963,0.02099844876181545,0.0009261650081022778,0.24785771968209006,-0.902976276157671,1.0001118272345777,1.0024465904615951,44.62106239878942,0.0009261650081022778,-0.8930211674332764,3.0
6612.923582077026,120.0,44.44444444444444,15.407407407407407,17.074074074074073,3.2962962962962963,0.02099844876181545,0.0009261650081022778,0.24785771968209006,-0.902976276157671,1.0001118272345777,1.0024465904615951,44.62106239878942,0.0009261650081022778,-0.8930211674332764,3.0
6683.1750609874725,121.0,43.82142857142857,15.785714285714286,17.5,3.357142857142857,0.02099844876181545,0.0009261650081022778,0.24785771968209006,-0.902976276157671,1.0001118272345777,1.0024465904615951,44.62106239878942,0.0009261650081022778,-0.8930211674332764,3.0
6749.232882976532,122.0,43.107142857142854,15.785714285714286,17.5,3.357142857142857,0.02099844876181545,0.0009261650081022778,0.24785771968209006,-0.902976276157671,1.0001118272345777,1.0024465904615951,44.62106239878942,0.0009261650081022778,-0.8930211674332764,3.0
6813.635881900787,123.0,44.107142857142854,15.785714285714286,17.5,3.357142857142857,0.02099844876181545,0.0009261650081022778,0.24785771968209006,-0.902976276157671,1.0001118272345777,1.0024465904615951,44.62106239878942,0.0009261650081022778,-0.8930211674332764,3.0
6879.097969055176,124.0,43.55172413793103,16.06896551724138,17.75862068965517,3.3793103448275863,0.02099844876181545,0.0009261650081022778,0.24785771968209006,-0.902976276157671,1.0001118272345777,1.0024465904615951,44.62106239878942,0.0009261650081022778,-0.8930211674332764,3.0
6949.60049200058,125.0,44.55172413793103,16.06896551724138,17.75862068965517,3.3793103448275863,0.02099844876181545,0.0009261650081022778,0.24785771968209006,-0.902976276157671,1.0001118272345777,1.0024465904615951,44.62106239878942,0.0009261650081022778,-0.8930211674332764,3.0
7014.981162071228,126.0,42.36666666666667,16.0,17.7,3.4,0.02099844876181545,0.0009261650081022778,0.24785771968209006,-0.902976276157671,1.0001118272345777,1.0024465904615951,44.62106239878942,0.0009261650081022778,-0.893317400355302,3.0
7078.91504907608,127.0,43.333333333333336,16.0,17.7,3.4,0.02099844876181545,0.0009261650081022778,0.24785771968209006,-0.902976276157671,1.0001118272345777,1.0024465904615951,44.62106239878942,0.0009261650081022778,-0.893317400355302,3.0
7146.462447881699,128.0,44.13333333333333,16.0,17.7,3.4,0.02099844876181545,0.0009261650081022778,0.24785771968209006,-0.902976276157671,1.0001118272345777,1.0024465904615951,44.62106239878942,0.0009261650081022778,-0.893317400355302,3.0
7213.37637090683,129.0,37.7037037037037,16.51851851851852,18.25925925925926,3.5185185185185186,0.02099844876181545,0.0009261650081022778,0.24785771968209006,-0.902976276157671,1.0001118272345777,1.0024465904615951,44.62106239878942,0.0009261650081022778,-0.893317400355302,3.0
7279.7700090408325,130.0,38.7037037037037,16.51851851851852,18.25925925925926,3.5185185185185186,0.02099844876181545,0.0009261650081022778,0.24785771968209006,-0.902976276157671,1.0001118272345777,1.0024465904615951,44.62106239878942,0.0009261650081022778,-0.893317400355302,3.0
7341.437577009201,131.0,38.48148148148148,16.51851851851852,18.25925925925926,3.5185185185185186,0.02099844876181545,0.0009261650081022778,0.24785771968209006,-0.902976276157671,1.0001118272345777,1.0024465904615951,44.62106239878942,0.0009261650081022778,-0.893317400355302,3.0
7407.681689977646,132.0,39.44444444444444,16.51851851851852,18.25925925925926,3.5185185185185186,0.02099844876181545,0.0009261650081022778,0.24785771968209006,-0.902976276157671,1.0001118272345777,1.0024465904615951,44.62106239878942,0.0009261650081022778,-0.893317400355302,3.0
7475.678776025772,133.0,39.0,17.0,18.785714285714285,3.642857142857143,0.0209050513109544,0.0009261650081022778,0.24785771968209006,-0.902976276157671,1.0001118272345777,1.0024465904615951,44.62106239878942,0.0009261650081022778,-0.893317400355302,3.0
7542.19556593895,134.0,38.62068965517241,17.310344827586206,19.137931034482758,3.7241379310344827,0.0209050513109544,0.0009261650081022778,0.24785771968209006,-0.902976276157671,1.0001118272345777,1.0024465904615951,44.62106239878942,0.0009261650081022778,-0.893317400355302,3.0
7615.1276750564575,135.0,42.25925925925926,16.666666666666668,18.40740740740741,3.6296296296296298,0.0209050513109544,0.0009261650081022778,0.24785771968209006,-0.902976276157671,1.0001118272345777,1.0024465904615951,44.62106239878942,0.0009261650081022778,-0.893317400355302,3.0
7687.59469294548,136.0,43.25925925925926,16.666666666666668,18.40740740740741,3.6296296296296298,0.0209050513109544,0.0009261650081022778,0.24785771968209006,-0.902976276157671,1.0001118272345777,1.0024465904615951,44.62106239878942,0.0009261650081022778,-0.893317400355302,3.0
7761.663379907608,137.0,42.67857142857143,17.107142857142858,18.928571428571427,3.75,0.0209050513109544,0.0009261650081022778,0.24785771968209006,-0.902976276157671,1.0001118272345777,1.0024465904615951,44.62106239878942,0.0009261650081022778,-0.893317400355302,3.0
7827.863255977631,138.0,43.642857142857146,17.107142857142858,18.928571428571427,3.75,0.0209050513109544,0.0009261650081022778,0.24785771968209006,-0.902976276157671,1.0001118272345777,1.0024465904615951,44.62106239878942,0.0009261650081022778,-0.893317400355302,3.0
7898.915143966675,139.0,44.642857142857146,17.107142857142858,18.928571428571427,3.75,0.0209050513109544,0.0009261650081022778,0.24785771968209006,-0.902976276157671,1.0001118272345777,1.0024465904615951,44.62106239878942,0.0009261650081022778,-0.893317400355302,3.0
7972.783691883087,140.0,42.6551724137931,17.379310344827587,19.24137931034483,3.793103448275862,0.0209050513109544,0.0009261650081022778,0.24785771968209006,-0.902976276157671,1.0001118272345777,1.0024465904615951,44.62106239878942,0.0009261650081022778,-0.893317400355302,3.0
8043.951505899429,141.0,43.6551724137931,17.379310344827587,19.24137931034483,3.793103448275862,0.0209050513109544,0.0009261650081022778,0.24785771968209006,-0.902976276157671,1.0001118272345777,1.0024465904615951,44.62106239878942,0.0009261650081022778,-0.893317400355302,3.0
8116.853218078613,142.0,44.6551724137931,17.379310344827587,19.24137931034483,3.793103448275862,0.0209050513109544,0.0009261650081022778,0.24785771968209006,-0.902976276157671,1.0001118272345777,1.0024465904615951,44.62106239878942,0.0009261650081022778,-0.893317400355302,3.0
8194.54161787033,143.0,45.6551724137931,17.379310344827587,19.24137931034483,3.793103448275862,0.0209050513109544,0.0009261650081022778,0.24785771968209006,-0.902976276157671,1.0001118272345777,1.0024465904615951,44.62106239878942,0.0009261650081022778,-0.893317400355302,3.0
8267.397342920303,144.0,46.6551724137931,17.379310344827587,19.24137931034483,3.793103448275862,0.0209050513109544,0.0009261650081022778,0.24785771968209006,-0.902976276157671,1.0001118272345777,1.0024465904615951,44.62106239878942,0.0009261650081022778,-0.893317400355302,3.0
8343.038203954697,145.0,46.06666666666667,17.233333333333334,19.1,3.7666666666666666,0.0209050513109544,0.0009261650081022778,0.24785771968209006,-0.902976276157671,1.0001118272345777,1.0024465904615951,44.62106239878942,0.0009261650081022778,-0.893317400355302,3.0
8421.225260019302,146.0,47.724137931034484,16.82758620689655,18.586206896551722,3.6206896551724137,0.0209050513109544,0.0009261650081022778,0.24785771968209006,-0.902976276157671,1.0001118272345777,1.0024465904615951,44.62106239878942,0.0009261650081022778,-0.893317400355302,3.0
8498.446007013321,147.0,48.724137931034484,16.82758620689655,18.586206896551722,3.6206896551724137,0.0209050513109544,0.0009261650081022778,0.24785771968209006,-0.902976276157671,1.0001118272345777,1.0024465904615951,44.62106239878942,0.0009261650081022778,-0.893317400355302,3.0
8572.843899965286,148.0,49.724137931034484,16.82758620689655,18.586206896551722,3.6206896551724137,0.0209050513109544,0.0009261650081022778,0.24785771968209006,-0.902976276157671,1.0001118272345777,1.0024465904615951,44.62106239878942,0.0009261650081022778,-0.893317400355302,3.0
8652.027626991272,149.0,49.03333333333333,16.933333333333334,18.7,3.6,0.0209050513109544,0.0009261650081022778,0.24785771968209006,-0.902976276157671,1.0001118272345777,1.0024465904615951,44.62106239878942,0.0009261650081022778,-0.893317400355302,3.0
8732.63653588295,150.0,48.41935483870968,17.322580645161292,19.096774193548388,3.6774193548387095,0.0209050513109544,0.0009261650081022778,0.24785771968209006,-0.902976276157671,1.0001118272345777,1.0024465904615951,44.62106239878942,0.0009261650081022778,-0.893317400355302,3.0
8808.557080984116,151.0,48.903225806451616,17.322580645161292,19.096774193548388,3.6774193548387095,0.0209050513109544,0.0009261650081022778,0.24785771968209006,-0.902976276157671,1.0001118272345777,1.0024465904615951,44.62106239878942,0.0009261650081022778,-0.893317400355302,3.0
8888.031862020493,152.0,49.903225806451616,17.322580645161292,19.096774193548388,3.6774193548387095,0.0209050513109544,0.0009261650081022778,0.24785771968209006,-0.902976276157671,1.0001118272345777,1.0024465904615951,44.62106239878942,0.0009261650081022778,-0.893317400355302,3.0
8966.181114912033,153.0,49.0625,17.53125,19.3125,3.6875,0.0209050513109544,0.0009261650081022778,0.24785771968209006,-0.902976276157671,1.0001118272345777,1.0024465904615951,44.62106239878942,0.0009261650081022778,-0.8946084330112061,3.0
9036.86541390419,154.0,48.6875,17.46875,19.28125,3.6875,0.0209050513109544,0.0009261650081022778,0.24785771968209006,-0.902976276157671,1.0001118272345777,1.0024465904615951,44.62106239878942,0.0009261650081022778,-0.8980770193724306,3.0
9113.12658405304,155.0,49.6875,17.46875,19.28125,3.6875,0.0209050513109544,0.0009261650081022778,0.24785771968209006,-0.902976276157671,1.0001118272345777,1.0024465904615951,44.62106239878942,0.0009261650081022778,-0.8980770193724306,3.0
9182.163645982742,156.0,49.96875,17.46875,19.25,3.65625,0.02099844876181545,0.0009261650081022778,0.24785771968209006,-0.902976276157671,1.0001118272345777,1.0024465904615951,44.62106239878942,0.0009261650081022778,-0.8980770193724306,3.0
9260.10847902298,157.0,50.96875,17.46875,19.25,3.65625,0.02099844876181545,0.0009261650081022778,0.24785771968209006,-0.902976276157671,1.0001118272345777,1.0024465904615951,44.62106239878942,0.0009261650081022778,-0.8980770193724306,3.0
9336.844369888306,158.0,52.96551724137931,16.93103448275862,18.620689655172413,3.5172413793103448,0.02099844876181545,0.0009261650081022778,0.24785771968209006,-0.902976276157671,1.0001118272345777,1.0024465904615951,44.62106239878942,0.0009261650081022778,-0.8937023651790142,3.0
9413.200224876404,159.0,53.96551724137931,16.93103448275862,18.620689655172413,3.5172413793103448,0.02099844876181545,0.0009261650081022778,0.24785771968209006,-0.902976276157671,1.0001118272345777,1.0024465904615951,44.62106239878942,0.0009261650081022778,-0.8937023651790142,3.0
9490.721133947372,160.0,53.13333333333333,17.233333333333334,18.933333333333334,3.566666666666667,0.02099844876181545,0.0009261650081022778,0.24785771968209006,-0.902976276157671,1.0001118272345777,1.0024465904615951,44.62106239878942,0.0009261650081022778,-0.895503185959675,3.0
9571.96723985672,161.0,52.96666666666667,17.233333333333334,18.9,3.566666666666667,0.02099844876181545,0.0009261650081022778,0.24785771968209006,-0.902976276157671,1.0001118272345777,1.0024465904615951,44.62106239878942,0.0009261650081022778,-0.895503185959675,3.0
9649.120877027512,162.0,53.9,17.233333333333334,18.9,3.566666666666667,0.02099844876181545,0.0009261650081022778,0.24785771968209006,-0.902976276157671,1.0001118272345777,1.0024465904615951,44.62106239878942,0.0009261650081022778,-0.8952900220364113,3.0
9727.212277889252,163.0,53.12903225806452,16.967741935483872,18.612903225806452,3.4838709677419355,0.02099844876181545,0.0009261650081022778,0.24785771968209006,-0.902976276157671,1.0001118272345777,1.0024465904615951,44.62106239878942,0.0009261650081022778,-0.8952900220364113,3.0
9799.97941994667,164.0,54.12903225806452,16.967741935483872,18.612903225806452,3.4838709677419355,0.02099844876181545,0.0009261650081022778,0.24785771968209006,-0.902976276157671,1.0001118272345777,1.0024465904615951,44.62106239878942,0.0009261650081022778,-0.8952900220364113,3.0
9880.403419017792,165.0,55.12903225806452,16.967741935483872,18.612903225806452,3.4838709677419355,0.02099844876181545,0.0009261650081022778,0.24785771968209006,-0.902976276157671,1.0001118272345777,1.0024465904615951,44.62106239878942,0.0009261650081022778,-0.8952900220364113,3.0
9959.554149866104,166.0,53.74193548387097,16.967741935483872,18.612903225806452,3.4838709677419355,0.02099844876181545,0.0009261650081022778,0.24785771968209006,-0.902976276157671,1.0001118272345777,1.0024465904615951,44.62106239878942,0.0009261650081022778,-0.8952900220364113,3.0
10041.61265707016,167.0,52.375,16.96875,18.59375,3.46875,0.02099844876181545,0.0009261650081022778,0.24785771968209006,-0.902976276157671,1.0001118272345777,1.0024465904615951,44.62106239878942,0.0009261650081022778,-0.8952900220364113,3.0
10124.740597009659,168.0,47.75,16.9375,18.5625,3.4375,0.02099844876181545,0.0009261650081022778,0.24785771968209006,-0.902976276157671,1.0001118272345777,1.0024465904615951,44.62106239878942,0.0009261650081022778,-0.8952900220364113,3.0
10207.288641929626,169.0,48.75,16.9375,18.5625,3.4375,0.02099844876181545,0.0009261650081022778,0.24785771968209006,-0.902976276157671,1.0001118272345777,1.0024465904615951,44.62106239878942,0.0009261650081022778,-0.8952900220364113,3.0
10291.034635066986,170.0,49.75,16.9375,18.5625,3.4375,0.02099844876181545,0.0009261650081022778,0.24785771968209006,-0.902976276157671,1.0001118272345777,1.0024465904615951,44.62106239878942,0.0009261650081022778,-0.8952900220364113,3.0
10372.156982898712,171.0,50.75,16.9375,18.5625,3.4375,0.02099844876181545,0.0009261650081022778,0.24785771968209006,-0.902976276157671,1.0001118272345777,1.0024465904615951,44.62106239878942,0.0009261650081022778,-0.8952900220364113,3.0
10451.920100927353,172.0,51.75,16.9375,18.5625,3.4375,0.02099844876181545,0.0009261650081022778,0.24785771968209006,-0.902976276157671,1.0001118272345777,1.0024465904615951,44.62106239878942,0.0009261650081022778,-0.8952900220364113,3.0
10530.075501918793,173.0,52.75,16.9375,18.5625,3.4375,0.02099844876181545,0.0009261650081022778,0.24785771968209006,-0.902976276157671,1.0001118272345777,1.0024465904615951,44.62106239878942,0.0009261650081022778,-0.8952900220364113,3.0
10616.35469198227,174.0,52.121212121212125,17.03030303030303,18.666666666666668,3.4545454545454546,0.02099844876181545,0.0009261650081022778,0.24785771968209006,-0.902976276157671,1.0001118272345777,1.0024465904615951,44.62106239878942,0.0009261650081022778,-0.8952900220364113,3.0
10699.323788881302,175.0,53.121212121212125,17.03030303030303,18.666666666666668,3.4545454545454546,0.02099844876181545,0.0009261650081022778,0.24785771968209006,-0.902976276157671,1.0001118272345777,1.0024465904615951,44.62106239878942,0.0009261650081022778,-0.8952900220364113,3.0
10780.31313586235,176.0,54.121212121212125,17.03030303030303,18.666666666666668,3.4545454545454546,0.02099844876181545,0.0009261650081022778,0.24785771968209006,-0.902976276157671,1.0001118272345777,1.0024465904615951,44.62106239878942,0.0009261650081022778,-0.8952900220364113,3.0
10866.987220048904,177.0,55.121212121212125,17.03030303030303,18.666666666666668,3.4545454545454546,0.02099844876181545,0.0009261650081022778,0.24785771968209006,-0.902976276157671,1.0001118272345777,1.0024465904615951,44.62106239878942,0.0009261650081022778,-0.8952900220364113,3.0
10946.63054394722,178.0,56.121212121212125,17.03030303030303,18.666666666666668,3.4545454545454546,0.02099844876181545,0.0009261650081022778,0.24785771968209006,-0.902976276157671,1.0001118272345777,1.0024465904615951,44.62106239878942,0.0009261650081022778,-0.8952900220364113,3.0
11028.943470954895,179.0,56.75757575757576,17.03030303030303,18.666666666666668,3.4545454545454546,0.02099844876181545,0.0009261650081022778,0.24785771968209006,-0.902976276157671,1.0001118272345777,1.0024465904615951,44.62106239878942,0.0009261650081022778,-0.8952900220364113,3.0
11110.048635005951,180.0,54.27272727272727,17.12121212121212,18.78787878787879,3.393939393939394,0.02099844876181545,0.0009261650081022778,0.24810386941047619,-0.902976276157671,1.0001118272345777,1.0024465904615951,44.62106239878942,0.0009261650081022778,-0.8952900220364113,3.0
11194.86687707901,181.0,55.27272727272727,17.12121212121212,18.78787878787879,3.393939393939394,0.02099844876181545,0.0009261650081022778,0.24810386941047619,-0.902976276157671,1.0001118272345777,1.0024465904615951,44.62106239878942,0.0009261650081022778,-0.8952900220364113,3.0
11280.686747074127,182.0,54.61764705882353,17.294117647058822,19.0,3.4411764705882355,0.02099844876181545,0.0009261650081022778,0.24810386941047619,-0.902976276157671,1.0001118272345777,1.0024465904615951,44.62106239878942,0.0009261650081022778,-0.8952900220364113,3.0
11371.022984981537,183.0,53.970588235294116,17.294117647058822,19.0,3.4411764705882355,0.02099844876181545,0.0009261650081022778,0.24810386941047619,-0.902976276157671,1.0001118272345777,1.0024465904615951,44.62106239878942,0.0009261650081022778,-0.8952900220364113,3.0
11458.525748968124,184.0,53.4,17.65714285714286,19.4,3.5142857142857142,0.02099844876181545,0.0009261650081022778,0.24810386941047619,-0.902976276157671,1.0001118272345777,1.0024465904615951,44.62106239878942,0.0009261650081022778,-0.8952900220364113,3.0
11539.227946996689,185.0,52.2,17.685714285714287,19.4,3.5142857142857142,0.02099844876181545,0.0009261650081022778,0.24810386941047619,-0.902976276157671,1.0001118272345777,1.0024465904615951,44.62106239878942,0.0009261650081022778,-0.8952900220364113,3.0
11625.480488061905,186.0,51.72222222222222,18.02777777777778,19.77777777777778,3.5833333333333335,0.02099844876181545,0.0008875420062522335,0.24810386941047619,-0.9070223666843892,1.0001118272345777,1.0024465904615951,44.62106239878942,0.0008875420062522335,-0.8952900220364113,3.0
11714.110972881317,187.0,52.72222222222222,18.02777777777778,19.77777777777778,3.5833333333333335,0.02099844876181545,0.0008875420062522335,0.24810386941047619,-0.9070223666843892,1.0001118272345777,1.0024465904615951,44.62106239878942,0.0008875420062522335,-0.8952900220364113,3.0
11793.552556037903,188.0,53.72222222222222,18.02777777777778,19.77777777777778,3.5833333333333335,0.02099844876181545,0.0008875420062522335,0.24810386941047619,-0.9070223666843892,1.0001118272345777,1.0024465904615951,44.62106239878942,0.0008875420062522335,-0.8952900220364113,3.0
11876.113823890686,189.0,54.72222222222222,18.02777777777778,19.77777777777778,3.5833333333333335,0.02099844876181545,0.0008875420062522335,0.24810386941047619,-0.9070223666843892,1.0001118272345777,1.0024465904615951,44.62106239878942,0.0008875420062522335,-0.8952900220364113,3.0
11963.149687051773,190.0,55.27777777777778,18.0,19.77777777777778,3.611111111111111,0.02099844876181545,0.0008875420062522335,0.24810386941047619,-0.9070223666843892,1.0001118272345777,1.0024465904615951,44.62106239878942,0.0008875420062522335,-0.8952900220364113,3.0
12046.68973994255,191.0,56.27777777777778,18.0,19.77777777777778,3.611111111111111,0.02099844876181545,0.0008875420062522335,0.24810386941047619,-0.9070223666843892,1.0001118272345777,1.0024465904615951,44.62106239878942,0.0008875420062522335,-0.8952900220364113,3.0
12132.936660051346,192.0,57.27777777777778,18.0,19.77777777777778,3.611111111111111,0.02099844876181545,0.0008875420062522335,0.24810386941047619,-0.9070223666843892,1.0001118272345777,1.0024465904615951,44.62106239878942,0.0008875420062522335,-0.8952900220364113,3.0
12215.02243900299,193.0,56.7027027027027,18.027027027027028,19.83783783783784,3.6216216216216215,0.02099844876181545,0.0008875420062522335,0.24810386941047619,-0.9070223666843892,1.0001118272345777,1.0024465904615951,44.62106239878942,0.0008875420062522335,-0.8952900220364113,3.0
12295.183305978775,194.0,57.7027027027027,18.027027027027028,19.83783783783784,3.6216216216216215,0.02099844876181545,0.0008875420062522335,0.24810386941047619,-0.9070223666843892,1.0001118272345777,1.0024465904615951,44.62106239878942,0.0008875420062522335,-0.8952900220364113,3.0
12385.363988876343,195.0,55.80555555555556,17.694444444444443,19.47222222222222,3.5277777777777777,0.02054048786396995,0.0008875420062522335,0.24810386941047619,-0.9070223666843892,1.0001118272345777,1.0024465904615951,44.62106239878942,0.0008875420062522335,-0.9139212658552565,3.0
12471.924717903137,196.0,56.80555555555556,17.694444444444443,19.47222222222222,3.5277777777777777,0.02054048786396995,0.0008875420062522335,0.24810386941047619,-0.9070223666843892,1.0001118272345777,1.0024465904615951,44.62106239878942,0.0008875420062522335,-0.9139212658552565,3.0
12552.768023967743,197.0,57.333333333333336,17.47222222222222,19.194444444444443,3.4722222222222223,0.020447355956797725,0.0008721766364509886,0.24810386941047619,-0.9086320208856269,1.0001118272345777,1.0024465904615951,44.62106239878942,0.0008721766364509886,-0.8953994171143499,3.0
12631.431514978409,198.0,58.333333333333336,17.47222222222222,19.194444444444443,3.4722222222222223,0.020447355956797725,0.0008721766364509886,0.24810386941047619,-0.9086320208856269,1.0001118272345777,1.0024465904615951,44.62106239878942,0.0008721766364509886,-0.8953994171143499,3.0
12711.199867010117,199.0,59.333333333333336,17.47222222222222,19.194444444444443,3.4722222222222223,0.020447355956797725,0.0008721766364509886,0.24810386941047619,-0.9086320208856269,1.0001118272345777,1.0024465904615951,44.62106239878942,0.0008721766364509886,-0.8953994171143499,3.0
12799.526167869568,200.0,59.44444444444444,17.47222222222222,19.194444444444443,3.4722222222222223,0.020447355956797725,0.0008721766364509886,0.24810386941047619,-0.9086320208856269,1.0001118272345777,1.0024465904615951,44.62106239878942,0.0008721766364509886,-0.8953994171143499,3.0
12882.750711917877,201.0,60.44444444444444,17.47222222222222,19.194444444444443,3.4722222222222223,0.020447355956797725,0.0008721766364509886,0.24810386941047619,-0.9086320208856269,1.0001118272345777,1.0024465904615951,44.62106239878942,0.0008721766364509886,-0.8953994171143499,3.0
