sigma,theta,y
1.2290066127025514,-2.197203434380186,0.07026348318534828
1.6233312827706834,-3.7388010782840353,0.01646482810975263
2.8724540364273756,1.0660847066364312,0.14843703332086516
1.9514383286723211,-0.22380775569202704,0.14749474396711099
2.0796668905910805,2.8325050055079917,0.08383441878914562
2.353935423335799,4.123661886336993,0.040294419405325174
1.2258421602315206,0.3450068798685848,0.27918338362860107
2.674697297876103,4.903836956638148,0.029694826258338313
1.9564376534442367,2.945108123624461,0.0657276196776033
1.0130056141508872,-2.8456619199786792,0.007202748283191179
2.490630388335686,-4.214167580828871,0.03796281860307663
2.1537013643185245,-3.567317918981694,0.03973184613534812
1.7910695524772542,1.1914001361520254,0.18511457435584794
2.4979522091697306,0.5900362968800907,0.17160239519926535
2.4801270515424085,-2.1250027237115887,0.12264911075723624
2.1243809067693786,-0.04167840779441523,0.20573833061836086
0.7855019002685635,1.790612201697325,0.03191559472012273
2.2490932520486435,-0.11778235303911622,0.20190299023695285
2.328061945524878,3.9501465199805033,0.036673946721978413
2.297986043585305,-1.2227961582069358,0.15289744295799926
0.7972663423005315,-3.3939417647990764,4.997246204177916e-5
0.6473374226736074,-0.3559864309717886,0.5253618597353475
1.874362917158809,-4.540283002928508,0.011857663433314167
2.353924143131174,1.046049757196906,0.1652083091496525
2.4782915783953907,-4.137132104885948,0.041624495246753095
2.1801514475896058,-0.5476848500653109,0.15729245472495523
1.7735245529837238,-3.2636036616581876,0.033995113866167125
0.7259697192583745,-4.563619814623898,1.5622872083381087e-9
1.899575068466112,2.7979939359505845,0.06406752132030209
1.5595077833771032,4.951775401255935,0.0016661949400333545
1.4902174722966215,-4.617861696848971,0.0020021530308510886
1.385069725394456,-3.2057869868932287,0.019410067939857164
2.690765430043687,-0.012859222487562327,0.13480173838797285
1.8721609082152797,4.509389825220124,0.013517694871839608
0.8664122260596431,-3.4253674269396663,0.00016693405973987495
0.6868544788057402,4.445586237544523,3.8457114205392643e-10
2.9384139973131482,1.0115680133431102,0.13738743561908628
1.1208338802125433,1.7336151948356964,0.10879425299419941
1.0918414504203906,0.7935794250237027,0.3125559033634371
2.4816531522020377,-0.9395911766863758,0.16952304287598435
1.6675924729254474,2.985174606347881,0.05039727751908229
2.360101897205757,4.983335738903275,0.018037848655341072
2.994094022938225,-2.7766334430617015,0.08255985910114691
0.6849300911758583,-2.9083464449404106,7.058709409807488e-5
0.7361965466058982,-4.722164704486653,6.768195756857341e-10
2.2231889762160204,3.0678020865048374,0.07513543054873935
2.8719011598881106,-4.53008923252394,0.03517573336757063
2.366861838720832,-1.2389201973229627,0.14193680775216266
0.5099518316211628,4.3962700208563845,5.624015581011276e-17
2.904200044400307,-0.23368937573834891,0.13977492435000352
1.28416035803773,2.2863320647391605,0.0695400162505356
1.860591925403916,1.827270827141981,0.1486538501076935
2.332487026431229,-1.6759251490532745,0.14203648011530154
0.7892877255665169,-0.1579566243590662,0.5600269847420702
1.2683605305153065,1.6415856079756956,0.13223386530590867
2.908765775607865,2.1203523645926285,0.13175199671272006
1.5683359756834645,3.85423118278446,0.011077844415518985
0.6844711334016147,2.9696950301600777,4.872702707278247e-5
2.6126111828410146,-1.7699644808354065,0.10981631421942847
0.9618832339526274,-3.888171020550643,0.00011223080331678964
2.017958215069368,-1.328406355495384,0.15393044013669951
1.339150172849912,-1.8931215566386426,0.10967760329177284
2.8105700091277153,4.030121896504799,0.04642502569211526
1.4739599683937692,-2.5035513921893218,0.058230581205411525
1.660812435550636,0.7040795831621205,0.18813500064825506
0.597167888097127,-4.720175464268621,1.7315914260600603e-14
0.6068734829708198,0.7343506292755899,0.3385312467264498
1.411143978605149,-3.9105506412320246,0.005713108313689236
2.326367438830032,1.9577969708798797,0.12318841204695302
1.4347639522398326,-2.738861329850255,0.05763288912257945
1.8115359885837363,-2.3958848881753534,0.09263933548612395
0.7557948560356949,-4.439507590750484,1.8932556116850944e-8
1.1292147101852748,-2.3891360401530615,0.04044567474698319
1.7346338618565302,2.8076478862976106,0.05292716499672846
2.5222701222642563,4.137152557433733,0.04405937546954165
2.611327215181456,4.097598809549872,0.0350240048792216
2.544685320918198,-3.832545190048151,0.04929795088695429
1.6351706812414897,-4.532266355578592,0.006377134244493805
1.2905378994969026,-0.756834199916737,0.2477490339783579
1.114018856375219,-2.529327719614952,0.02554680972234066
2.523529956835852,3.9882987099524865,0.045500688057256725
1.2444031083288407,0.9586378511934761,0.2294912421482569
2.4558992211004225,2.917831793790598,0.08095990390497855
2.6269447987628447,-3.583636373748822,0.06216634190456789
0.8018615452555007,-3.370428877660271,5.7564078207545854e-5
1.8166275224490769,-4.93683908591216,0.004980378044968543
2.2276984912533355,-2.017659935889835,0.09183352504805083
1.0377341095970598,4.237648984150875,8.238856244508932e-5
2.240109713123573,-0.9934334132284501,0.14480365785349988
2.653977818632104,-2.2292735646675723,0.10880045551223404
1.8319516080860307,4.3399762709357255,0.014131704688311927
2.5306546807630617,-4.314245358865991,0.03390395144674129
0.7735465662271777,-4.048712515238806,5.657887719791058e-7
1.9365119525847132,4.0616780923122615,0.018939668441008826
1.462216895919694,0.6630861232459697,0.24754305856202527
2.685923889882398,1.0261598385038981,0.14918392720821633
2.615172951142218,2.9769070205121846,0.08082579701888269
2.911282710244666,-1.0885429133105573,0.12127168032810665
2.6546537386883378,0.22776012835451098,0.1530803442300687
0.8765181638225906,-3.3713763153062413,0.0002849809437053367
2.0531433342996874,4.809777263162118,0.011889445059893856
2.3305333291220096,-0.6384966094198052,0.18084474501049247
0.8464537722870281,0.2755748325145335,0.5082216948552112
2.7807072872498195,-0.27221689720666387,0.1374974612821944
1.6394898917269498,0.7527937307975998,0.2064165648734426
2.7238973614841964,0.7317074857391308,0.13141737520249108
1.2830155296924328,-1.317464847384986,0.2042139258933663
0.7251715214978398,-4.022740955480982,8.848654114651932e-8
0.7191922235422478,0.5810446528618751,0.5002997876726828
2.803835933046157,3.0204527359209568,0.08239989754571062
0.793627668644097,-1.440811900758654,0.09312340726400738
2.990939586259566,-4.520414872980973,0.04846904358724943
2.4424937600550356,3.7009585240587484,0.057056700034165214
1.7831499809108706,3.985950799386387,0.021617298031358544
0.709327733103366,3.2290830379475626,1.7110342394769893e-5
2.910399456227866,0.11951362192404957,0.11399267442061663
1.3723186962049385,-0.86829867563584,0.22970714297414296
1.4656766612076697,-4.136280509895885,0.005443985728256052
2.01307420894065,2.030181967576638,0.11312159030961112
2.5549810106524333,-3.492656043338714,0.06163819796686102
1.726862258872328,4.794951311651985,0.004725921314251067
0.7518055641850467,4.0374758795624786,3.341411544207841e-7
1.2714414847187214,0.8811671844553146,0.252809976780202
2.1929827083380484,-3.414397588914616,0.05412377823982726
1.001281549782947,-4.1840717199466715,7.342485158737247e-5
2.271459277033165,-0.653479035943068,0.15240111201838616
1.9726514915576838,4.36631271725788,0.01647942821378141
1.9284520818982958,-3.688260023486195,0.032920005364374484
1.8460269793744466,-3.1986229004707356,0.0569105339339621
2.5248144539692907,-2.4841843792125795,0.09854623287817552
1.674118036476601,0.6249871587624316,0.2705602565097972
1.1709441159128193,-3.036236424786182,0.012824982047537972
1.5923494695884721,-0.9291105158511259,0.21883649595610008
0.568900752139347,-2.7096623064795446,9.810140078787937e-6
0.9065042145765346,-2.7467427799092023,0.004038279060161331
1.6199559792503944,3.930030472515911,0.013610504275601886
2.9697488578042694,-1.5503527609013004,0.08931585518236364
1.4507904093600337,-2.825377798967097,0.04183430895491442
1.6204597662396498,-2.50263570281282,0.07259087411362501
1.425083467904197,-1.4353053292817863,0.17885160714395565
2.6080357872173177,-2.30544365008978,0.08897573552475212
2.6976003257950145,-2.216511516627718,0.10554987158815014
0.7571630341560485,-2.2193162502960484,0.007193930262895812
1.6458031496090473,-3.2159229880646056,0.03436860026484519
1.3048373483246187,-4.4798417348598205,0.0008685254573880009
0.8317327603128009,-2.2047347649222973,0.012984890460758526
1.784396803213329,-2.9956477318204175,0.05653605844651941
2.231264170953373,-3.3043015658139896,0.058199095399382686
1.477893839035481,0.8318992819017019,0.21189022360859577
0.9307478041640609,-1.0402915349106467,0.2009443605140958
1.5711353606261227,-2.4662543088334745,0.08393287357004794
1.6960625316956413,3.795401421135253,0.01870889322280013
2.8182975114606332,1.708160739122083,0.11631287759906059
0.5577978946193423,4.137236726768542,9.066258432713767e-13
0.973906456355784,-3.7033753388306865,0.00028851753434729814
1.5401456869614445,-0.40117209235224216,0.22725963483715772
2.2523878750717743,4.405252331658859,0.02330764084211085
2.369658275764091,2.7394311095397175,0.08309610825828799
1.388911372306663,-0.16158889621870465,0.2393836064577493
0.9755713717186825,-2.3793944281340917,0.01862609199164846
2.6537765699740365,-3.094701222490449,0.06599031234195632
1.9796490390344728,-0.7937919218717004,0.19215082319110488
2.490652555997494,-1.1996164463295078,0.14840425801960713
2.849104597997156,1.6243748777243283,0.13528085108411284
2.731236033484805,1.8175298616300752,0.11130440591123282
0.8859340804927647,-4.196092178111124,5.551979339217423e-6
2.7127334639748106,0.3418682138622122,0.12672318699985435
1.6881798042596952,2.8134680925344338,0.05365929841850168
0.8202580531880544,-0.749102785166567,0.26278200625472087
1.8710948156881546,-4.818931686217259,0.008364167584021021
1.756955155275904,3.0140723782911127,0.04899679265116365
1.8852806713249253,-3.819545846194534,0.027356642898152258
0.9978024996506327,3.8492083997110917,0.00022816288918932082
2.689774273421608,2.4491667749436195,0.09773250421828364
0.5905329269976113,-0.8891926987186185,0.26571291945021086
1.6078361072101113,-0.47000421122548985,0.20876399477567473
0.8475045917664146,-2.2624214652464847,0.015133471214286355
1.3252315563810702,-1.5918314280796042,0.1475884829102838
2.339521735419344,4.995135082796539,0.019549419822650547
0.9562225223231081,4.662154088853637,2.6932301466722415e-6
2.4304114984800247,1.8612158330890383,0.1199561985595476
0.6265012613118264,-2.0190036524252375,0.0034566868979779503
0.7669399147902679,-2.456072162175811,0.002716464959623773
1.2911859707416082,2.8710965964640502,0.026773725380068156
2.7238716759314143,-3.5289156197601668,0.052806907315706884
2.513219783762094,-1.3876877729642145,0.1672190067883294
1.2130502258706126,-0.8298028915805302,0.2877266300187114
2.359321043275112,-1.6416490417459317,0.1389372496604417
0.5292785994054157,-0.05211854582189801,0.6446234258191548
0.997641297283238,3.8320746230517315,0.0002549445036049719
1.599495432057187,3.3897381472168426,0.025374911013614335
1.0619858273792933,-0.4684698672389285,0.32639477105364245
2.6933650704771273,1.7795913099435268,0.10262242820650115
2.2859367507374224,0.7828121804864496,0.13616158524110122
2.5702926585552706,2.164012879122473,0.09565527781516486
2.446901612827983,1.711061612565178,0.11796584385620079
2.334510987381597,-4.6257002627686195,0.024635097083246262
2.756094710168444,0.9685785141677581,0.12891900035897064
0.8472999271588837,-2.325578468060572,0.011522036942630562
0.9066644073161372,4.04954752358298,1.8089370413551454e-5
0.6997764429491156,-0.10576445001788759,0.5401978713138614
2.5922202348764913,2.933244619312977,0.07860177389960867
0.7571658585984584,2.6857614959793104,0.001086311387070753
0.6877846051746773,-1.6173829845548005,0.03594950242498832
1.9946503301651137,0.99330196461041,0.21024084380362149
2.2482563751136553,-2.475655964428177,0.10708410684188277
1.9826034835473434,3.6313804954285605,0.04344655256724864
2.9765896320503455,-3.151832081360768,0.07532830908945021
2.984304459427043,1.8601205159953027,0.10667025862679627
2.5610808065549096,0.7520746051312379,0.15440786911817628
1.796160977652818,-2.5718653934610924,0.07929330709663918
2.31920810585168,-1.5895962268768749,0.1320709292981934
1.2003436635499742,2.1400169256541046,0.05476685575737929
2.3553229384764833,-4.184146015921106,0.032579677309695645
1.7286090859834458,-4.912833032116771,0.003882542214183263
1.5842962148363922,3.942132558548968,0.011053563379811327
2.628304499112674,-0.8928246828933464,0.1442959779675716
0.711038644323466,-4.699744159564533,2.1925491660933015e-10
2.7167934317861935,4.568942784898123,0.0359056052738099
2.5605273978698513,4.453220713943342,0.034314088859202944
1.8022075048388984,-1.7299409131497487,0.14082920347245056
2.7753384009938626,4.914776696177686,0.02764131784049854
2.818960500159829,-1.077522220706102,0.13498832059430474
1.6279026342840746,-4.032700747654252,0.010424290743951722
1.7625229220886822,-4.5315997464621915,0.008506930494055145
0.9827201855108121,-1.8890266977877768,0.059177714252608586
0.7283506822549266,0.5405591719574225,0.4049807113842698
2.2851295763186994,1.605469309455776,0.1177776273272278
2.269130759513228,-0.29374050215882264,0.17627972360147587
1.2003146308287969,1.134066028739107,0.24143950773391967
1.0771807411669596,4.028037486020802,0.00033144210352881246
0.7294649617578179,-4.048534104178941,1.1498342898383984e-7
1.7512271781684197,0.7691058111348603,0.2362476032568918
2.196292397178597,3.8454247838625406,0.03484188569082732
2.080536607588074,-0.4293486202876231,0.16242499696411813
0.6397827946000383,-1.6449772153889395,0.023605568707941886
0.6713942915771011,4.770445213478833,7.223881776074101e-12
2.6869226336899277,1.800991104401871,0.12380145809968578
2.6027589202083887,1.0915514287334904,0.13073973703048555
1.5979641659351396,0.057671386202756914,0.25263638016509316
2.2974299734757313,-2.9004458323910374,0.085307089908654
1.2671910392587344,0.9698346242854958,0.24034796474019
1.8162829283898725,4.379645102058159,0.011892400542657307
2.1511527809683506,-3.6086634782631632,0.051436093266637624
0.7323361266495552,-4.88362015477319,1.2449005382695205e-10
1.4773474748278719,-2.5845478061991067,0.054242941659577576
2.122314064957726,-2.4483611754199055,0.0895435491322272
2.579550011557053,-0.19982540046893948,0.18173064101518674
1.441740100527185,-1.480156808917672,0.16035110506910608
2.6872538172884113,2.386981262235432,0.10712495418753344
2.801646722400978,-4.886229134445871,0.03641975697889208
2.6606603301509453,2.6283283775055724,0.08571026179696707
1.3889343932339253,-2.376809965167821,0.0643762485718809
2.542365668063479,4.1718986129535285,0.03980540801629848
2.7154233921645288,2.1920052654576425,0.10557033203240637
2.8288788309350976,1.287542646915191,0.1282658797513532
1.5232629671618818,-0.8389539318590913,0.24707477769912328
2.739637360729581,-2.7401405594053694,0.09687056448281012
2.1350686719543885,-1.713854046440475,0.13118037979270836
1.5979299383102576,-0.8740135437897267,0.2025963188257755
1.7850472347260107,-4.213110984967332,0.014457276975031222
2.6924229483422146,3.3740093035590917,0.060340566526902485
2.434792455801371,-0.5106726426366004,0.13992804306411746
1.6882301978017034,-4.112924334957778,0.013051405398370932
1.3483479715035813,2.145935545074419,0.07718046670599048
1.2743021695504007,-4.36795148149996,0.0010045043493866392
1.1447842114173103,-4.978181240396884,2.7651344854750486e-5
2.095775973981631,-4.295173642796735,0.02318608162897814
2.323365145905702,-3.0767538064546462,0.0745233015604332
2.5828134919395573,1.3570892679840156,0.13775320760866958
2.289847710829652,1.789353000348532,0.12796407036464347
2.5671524426653916,-4.3164905292686,0.035906162645122815
1.0099559376344551,-0.05472343763409704,0.3449936307382181
0.719579388189042,-0.21222811633895766,0.6077283597125965
1.2232848230290558,3.2003139812086285,0.010544380929555492
0.9501911144647628,4.2874704020622865,1.6442338621470395e-5
2.307432204447662,4.288825406171506,0.028823803205898495
2.528318648051973,1.4340931234777035,0.12657590179606412
2.57987704373126,-4.041309230535825,0.05079222323617048
1.45322498503143,2.471636749857746,0.06283644965521
1.4485256674479323,-4.957325525158966,0.0008339591015684047
2.4446894407657633,2.6020550383603327,0.08669594396545836
1.5795792425200854,0.19470286132429404,0.2329826127286556
0.529768314463009,2.6952747475552687,1.9061791068676087e-6
2.254097975673838,0.4838513970241909,0.1617673481943317
2.961720438805056,-1.9861565301343367,0.10944203119070893
1.0570533838152982,2.8131039038413705,0.011105916634100302
0.9594876404730902,-2.448077582265217,0.014513941761890687
2.3808455854428976,1.6045411559895975,0.13322162690016132
1.427354157693959,-2.262080542761622,0.07881785143824158
0.7748779534034664,-0.29893940826422316,0.4680443906370913
2.0717575749994688,-3.3263441081129597,0.045046283959195806
0.5120607739959742,-1.8708369585183346,0.0008616577671596745
2.3522563416000484,0.3311431157391178,0.16433044335493355
1.1366134699607482,-0.0426908882958168,0.3839865473345112
2.7140071695137835,-2.7802969075980846,0.08859198330467959
2.6569645438808345,-3.741749473597822,0.05092773595952779
1.941363686909848,-3.6003903225766622,0.0409776695721043
1.7945301875827337,1.1697719751854923,0.18039874532502678
2.0881491371526844,-3.8532261724974823,0.03681753698867232
0.9479800633983755,-1.8031098825613858,0.06765418390109698
2.419997827066764,-2.0177062868732665,0.12695251382518744
2.5421746889918833,-2.574152200551756,0.10694531698049425
0.7982209229420305,-0.12068599732956287,0.48416456953292936
1.277024353311594,-2.016245200364816,0.0916009713978957
0.5690825546421164,2.902761322572526,1.4638611428497491e-6
0.8643115105514381,3.0151672289213636,0.0010660636441268763
1.0668959234890678,-0.7939668381662024,0.3109729274609939
1.8764652691187487,-2.6033160893627993,0.08139558070292949
1.608764850779353,-0.8283025700128022,0.23329979290877392
1.5191595541863712,4.59354961220046,0.0028736591616508535
2.5574762914383693,-0.5238800353580242,0.1358356946613583
1.4340068566340956,-2.260768546441917,0.07917242207893589
1.710878399609951,4.020331056066912,0.016906696860003515
1.5831365012146255,4.925177071036455,0.002128221316518472
0.7099476561718614,3.4983008966481517,2.897512579412335e-6
1.903711329296026,4.263312609943396,0.016592489287830095
0.8722952813638438,-0.8650609712149295,0.22994643411812316
1.0242655962458997,4.962156563415423,3.168510980877409e-6
2.307535029463973,2.40133881743244,0.1207836283498463
2.3770324099247078,3.2318249787659177,0.08208025985627469
0.7518703480138149,4.113080950882006,1.6451019626582208e-7
1.6537216875259437,-0.5171884509947775,0.24227064210498703
1.004836116960417,-0.5723742866066504,0.4015383278222296
2.391936544884493,-2.347425722427973,0.10469612896422063
1.6615178136127722,0.22451203228165983,0.23012159356374018
2.6707441616387717,-2.9335956214391135,0.08626212145007339
2.2947144782579096,3.662662896986715,0.04310730832275819
0.8976684423043608,4.622717161352037,9.248885183317933e-7
2.6026372695289677,-3.574152107319194,0.06629625528323352
0.8477048820928069,-2.3392292449179255,0.010576497629689353
1.1365086837143452,1.926253233261538,0.10772023234881536
2.028169798146291,3.3352142168529273,0.053263928652494956
0.866505148665214,-4.870290683317665,5.021438274751946e-8
0.6881472743601559,-4.5575517105163375,1.981562092350391e-10
1.660559857903516,2.4918447616936588,0.07011894266089681
1.4852491774395542,0.11641373640358221,0.2627642476218401
2.65671380842697,-1.318636046270032,0.11334971392746887
2.2385752767435863,-0.582705227052676,0.17077586305835854
1.1343738025485726,-0.4444149035601743,0.3178897188016641
2.096088777078056,-3.478689084332647,0.04409839632029353
2.757461042880238,2.7998955836792057,0.09754650576486175
1.2303302912944345,3.7332996211413416,0.003328142911992812
2.0766908048573285,2.048190352730429,0.1060343094539738
2.45742852304502,3.94769138194407,0.044673202689185114
0.9077340204174149,2.805212652668006,0.0036497504369405994
0.709637572385602,2.5202347380431096,0.00125464574283092
0.8562490608549054,1.384402865004156,0.14077321392119085
1.8336506830642265,-2.5484071549888307,0.07815297674005113
2.7618546532027812,4.971701319309384,0.026894915513376645
1.2336514345359628,-4.271113975065087,0.0007878840386228006
2.424486956520522,-3.6566201591487344,0.05717255984598729
2.4885251225461444,-3.696576814742495,0.05624843485692292
2.968484214517755,-3.093126373863264,0.08104756040936435
1.1643910326199447,-2.602582241062217,0.028847518921477865
0.7054739086179441,3.004823633731487,7.183047315021253e-5
0.8270774141763161,-2.6753178885825104,0.002909056092615022
0.8784172471472941,-0.9186051245455094,0.18245392640503494
2.170393842368985,-3.74596550076967,0.04996213354456065
2.0719559668877423,-1.414136334907674,0.14302189506843246
1.2867278445184716,-4.397774440988972,0.001008177943713058
2.713970690039071,-0.9455070958381526,0.15250517126855426
0.7199282289143221,-0.19126958216332923,0.4728628741375503
2.156690230393351,4.653196698894719,0.01659102205446722
1.6406236064175101,-4.141107222595615,0.010259335034781599
1.723562937834992,2.1811737710199814,0.1068507935968115
2.9699438985505733,3.7974806537526824,0.06531102804779017
1.8426301328540124,3.3786424580569605,0.04346005734728003
0.5597701506469933,4.684990968180095,5.200863545035108e-16
0.846009752982682,3.55043185874713,7.50731576271492e-5
2.819250230086181,-3.0653277028888737,0.06419142802681989
1.81030604063591,4.054344827955465,0.019787556459624638
0.9521335420248701,3.26004800257137,0.0013526914806221808
2.9225350311377527,0.01871766169619704,0.1606091885640079
0.9253306376859906,-3.9227768422644136,4.979794011903839e-5
1.7291338768191238,2.404460044548128,0.10923083439679362
2.888653258323517,3.883083933731447,0.06064873301678933
0.7646497714450444,3.9754540893987294,8.288888434164451e-7
1.6579736605450697,1.1112594787133254,0.18989534821331538
2.273370061228254,2.2805899956838838,0.11096863185302461
2.233035677153673,2.8567941506263947,0.07810739491723614
1.3567525281547808,-3.1033611716324847,0.02518144425329652
1.1915365117035244,2.0268419190166567,0.0664417432048159
1.528176922271247,3.3558663036576757,0.025973359865479634
1.7035756615469038,-4.492568482454856,0.006861943637127315
1.1530835173589054,-0.41259603602624395,0.36628894860392885
1.8702859126747624,2.8832981776950017,0.06919278345223256
2.560505248255338,-2.4676197715224166,0.08314982132194737
2.9880329847608165,-0.022299544515584913,0.1326585840434682
2.8267504464143602,-2.111117587180855,0.12679990409662498
2.729242792400549,-3.9838911764311504,0.04408008181383753
1.2274644963627432,3.840965545324792,0.0022140757736983496
2.395146782658006,-3.9381219088720476,0.05217661810328538
0.9006739204444563,3.8364976499054997,4.9647652953294096e-5
1.2010902548042721,-4.392291259906498,0.0004915242836122239
1.870416075402292,-1.3427625717645206,0.18881040535303512
1.0810268317844822,4.716652594296333,2.7113925633588007e-5
0.7649916008351196,-1.46886407744097,0.06164631312332525
1.0225434356665073,-1.4252370733879016,0.15109744018764762
0.7518779298055349,0.021814725564360593,0.4870076366246534
2.2292969791984216,2.5041613245721086,0.09118551781182647
0.959473188333549,2.0728620091681993,0.03755339466605963
1.053155654632516,-2.728017515674801,0.012738570867047308
1.8706326597497644,-4.573717197941118,0.010675903858742584
1.0753760853919165,-4.413838775818217,7.649052942779062e-5
0.9783821976367222,1.403772303833585,0.11293657502282292
1.19985004767751,-0.4328096701329702,0.28697814146658635
2.0581702530544765,1.3417845932838421,0.1345496077171736
1.007461969435681,-4.674393846303595,7.763431965993584e-6
1.3593630074467373,1.9412653484396314,0.10805035341577336
1.7141350980426089,-0.06057646886648538,0.25042791412010623
0.9814938431527294,-2.8287806530020045,0.005496859207562588
0.5723612912369237,1.2885272833069497,0.050327461047318806
0.6776596622613933,-3.2757195364411085,4.231225320238965e-6
2.763601033812075,0.4826200818772257,0.12125212732482804
1.074480726172837,-2.4492895307353613,0.03120798463934412
1.7155543298871427,-0.19775910655590856,0.26094421297954756
1.6234914844200503,1.9742082441286302,0.12865767212050683
1.675067381383177,-3.1948909144070203,0.03385676928276588
2.3957362545845546,-4.15169914465894,0.03776649988011868
2.3543922982452394,3.0977378349639597,0.07984868489976231
2.004077854203749,0.019614937469214055,0.21363509099735606
2.7046904112079617,-1.5571020085494105,0.1026484065063411
0.9403311729489473,-3.6499293363899588,0.00022300174393601597
2.6668122285731872,-3.480221586543496,0.0719402531130614
0.5299628268352867,3.885574155066214,1.414705481759025e-12
2.5993192262634137,-1.1843896833963488,0.12753640561924187
1.593365497935253,3.516347142683019,0.019771024984040677
1.8733755659512192,4.930275947306711,0.007824515115969068
0.8157844916474956,-0.4138284686379068,0.40602934997161105
0.5119154184641379,4.811746480424938,5.1945387915849323e-20
0.8444131337151954,3.996962821949724,5.102114932164062e-6
2.5358774108313273,4.532098568418954,0.033911270600160574
0.9847358606004513,2.243947620095918,0.027572681779839
1.0787025133819401,-2.443976010712101,0.02581547660098628
2.7750061761114955,2.1424951631626534,0.11081812532766797
1.1301398094467117,-2.8484533510403,0.015574162425195173
0.8963771445178801,1.3444981540809087,0.13881898555252123
2.857827558537683,-0.867372518070102,0.11965237417015538
2.7008896827543976,-0.04217136464368032,0.1340998100405853
2.7444351065007275,4.279944401717074,0.043648167570578385
1.8615510281302692,0.7646064284420664,0.20119989814678696
2.1421993974524094,-1.2104098819475806,0.1545812322094885
0.5530528302727568,-1.2234240041879807,0.054417862646288624
2.5964319850608253,1.9977141037383097,0.12672781807005193
1.3473138476925912,1.7449782211496085,0.11883826942874277
1.8036034267434968,-1.8335801232771765,0.12414165369953355
2.211214075084112,3.6954615382918696,0.049333381731152745
1.803360089046666,0.5991825371144568,0.1921096980883205
0.8170674598077114,2.467237094579307,0.005400895738569719
0.6607233993599342,2.2305287105505105,0.002215554007215472
1.9299575198397816,0.08699212061884332,0.20036753580121192
1.6498953120327462,1.6300703515486639,0.17693713725118132
0.8965998593874185,-0.2701301779971441,0.42870524018604317
1.788410004528944,-0.4346711925215825,0.225652204497402
2.5545497368793835,1.7453622113086773,0.11245580461681924
1.449916128951521,-1.7379310542231465,0.14886281909934382
0.6986680755581536,1.3579116903351984,0.06683825534604483
2.1538168116165703,0.13851324867855475,0.187847265390976
0.7475800223258401,-0.8278491110401589,0.2965018985513517
0.7721437729895498,0.944103820185437,0.23877329115362733
1.6293940915246101,3.254045227001418,0.031005124451654424
2.5830385981064277,1.8155298209125323,0.10945516903081048
1.8645005765767635,-4.28295281934542,0.016027481580647224
2.392231394772896,0.3674653403343573,0.1796420280697778
0.5719607440818115,0.9159732816155595,0.2095676498288965
1.6214353026000605,-4.645858239445109,0.003684971767463899
2.59065115214338,-2.5383839662567844,0.08981468422225308
1.140356786917877,4.578442075610278,0.00013698889241874177
0.7721825064249972,4.783155377084821,2.3743145380084847e-9
2.9681580118115574,4.869435091038065,0.035164776250385
2.2780631373758293,3.2217918168566158,0.06079849470589515
2.958248064527534,0.64439208596903,0.11181211264641608
1.0184330351037945,-4.801112946175355,6.612899583374283e-6
1.604772594842304,-3.2828940524855654,0.03571767358567622
2.615777174895862,-2.246959914117169,0.10823536620569493
0.767276180237675,-1.7755040199806804,0.03485943205282396
1.119862011348732,3.2191406324224587,0.005049324770668446
1.9753546615553568,4.648873542322807,0.013880897153606842
2.4059121108638593,-0.2904328960788858,0.16357950769871232
2.9847717473392796,0.8302544356163448,0.1030375472442584
0.915932798244931,-0.49683194663938135,0.42580654559437914
2.9857454138842696,-4.693608572261574,0.04155094568421984
0.7798902507479134,-4.291781649029529,1.6872367519287926e-7
1.2364722915147812,-4.598320838577584,0.0003830620144122605
2.2037699952982024,3.995145378802146,0.0401715125780822
2.566113409263533,1.3472332420868272,0.14522659814599903
2.770186867605734,-1.535039271915032,0.13669141272489677
0.8909926066500822,-4.781573814194694,2.482879485557586e-7
1.8338119086612232,-4.461103997657178,0.010323702043827834
2.2787196745946403,1.1553093322193755,0.15735218442693066
2.8665768760101598,-0.28480713431921956,0.12900374989322333
0.8118960675080564,1.5075821703986323,0.10397497768892329
0.966205890031475,-0.9381452745923848,0.25931610978426584
2.8282195615035417,-0.5710514558879263,0.12209537450698703
2.6047690644517956,3.0151332828981676,0.07975426800763939
1.3026470242244896,-3.4685607891673307,0.008092981628245495
0.5690845498833983,-0.0016493815927383082,0.6396247393339011
1.4365131205795172,-4.691432149613974,0.001374919953428273
2.551799828691565,-1.0544589160475635,0.14411307112598515
0.5079483747182829,-2.0850665550012257,0.00016822391471507685
2.8583184652276694,3.183464127235373,0.0712396756709467
2.4304444870878132,-2.594843103662207,0.09898920092771661
1.3364422212124325,0.10467439075663076,0.2843477401391872
2.212958779698331,2.1749977633964424,0.13214883047192505
2.8410510861199416,-4.78581164408879,0.03601903284694505
1.8126186268431241,4.759530391409061,0.006881150724814313
0.6923271360874044,-3.902796889429111,5.5302253916395594e-8
2.0024598726719285,-0.46404265357314856,0.18126835438682215
0.8663946432817161,0.05580176947107773,0.4442623760343564
2.141249180584025,0.01644925279912446,0.16910162179493915
1.0611166139441826,-4.651505262172759,2.536582961232612e-5
1.9886601892268911,3.39866358838848,0.04442831173822155
2.783183952012588,-2.2079037709603835,0.10850974919815452
1.4511571719175957,-0.7877962451022702,0.2442013153246227
1.9287262428988456,3.121575563903308,0.056752483264247325
1.1780774080151701,-0.07200809217909132,0.295233343662003
0.998834185774441,-1.4985585446311909,0.12977787236093954
0.568142896681799,-1.7568737681208555,0.0051389394673480426
1.15867052891348,0.5736934922113557,0.3372992627842594
2.180661594106105,-4.55641091704042,0.021353966217804596
2.904755953136467,4.361079506596088,0.04020100983891898
1.3126375881974068,1.1601359127626667,0.2221882267056629
2.894578207217601,3.5382189717524835,0.0643532545726816
1.7754648041648466,-0.22609263286391545,0.2556515794544256
2.5080346576894876,-0.1208899128362928,0.1650581092153467
0.575954482215696,2.1141877963623674,0.0007982668900353374
2.210368343538835,-2.295407178155852,0.10152607059299969
2.9420818480124726,-2.7968274764969148,0.07717949061924322
0.6556972518984723,1.9869204530802866,0.00550491517101301
2.6988235030134162,-0.6901474192964807,0.1448787001328548
1.8698439425529416,-3.9364754412443945,0.021115826200529944
2.748950963011163,1.7051926867304807,0.11318607834741343
0.7219875503786295,-4.1204615648997835,4.550573856895609e-8
1.2139056200723606,-4.135691832491756,0.0010314738697579872
2.5233318194272245,-2.455338553896338,0.11232762316280465
2.207084744317835,3.504882501935425,0.043682647260951286
1.6475543848958945,2.988002091599368,0.04848331587187267
1.4931388474854475,-4.870927149573053,0.0013786976972335126
2.0777444845784894,-2.302782770835808,0.09791605832592366
2.9644025780741945,4.174653314027378,0.039555563773923046
0.9882246807134618,0.9831001537037176,0.2655158782113156
2.459575112628162,1.5294053285655105,0.14231489533682604
0.7617106458742544,-2.9738774370338494,0.00025875167280968306
1.6296392980695846,-2.6390780693554183,0.06654657614444563
2.082198194625918,0.023134149844442398,0.1797723330600141
0.7089061658596578,2.5694765736550256,0.0009071227450792938
2.30432720304138,-4.158837193423025,0.03816536340188237
1.7701566217756752,2.4882747444642686,0.08132152779876883
2.3425577588289466,-3.4189811451467698,0.05977859699545311
0.996718021443483,4.760875127522125,4.539892397543751e-6
0.6810440919431298,-0.5505295778908712,0.4438698690739615
1.6048502728161727,-0.4537514007811154,0.26414889896015914
0.894935022839204,0.8615942294993717,0.2583408907098859
0.898076782564569,0.949357301083575,0.2645490846853045
2.013450621486474,-3.0380310429686075,0.04720974020757567
1.0611588309322917,4.973549182213651,5.5276884784833885e-6
2.2756602528390664,2.8934590729966327,0.07754713331027178
1.2551222813602407,-2.2242986143594337,0.06011844630171027
1.9178404136475817,1.1519328355227554,0.16609977710870416
2.7377154988572743,-4.176099883727556,0.051854697390844556
1.7170546425789441,-1.683839317652315,0.1392845139461805
1.4343854587943317,-1.8323788898962592,0.1311754256018563
0.6789392153056213,2.743342403408116,0.0001678865429139519
0.8834077137567573,-0.7103493843929076,0.3221543886524968
1.389033562405853,-2.6701220719273158,0.04061878040392026
1.070291757991196,-2.5331666622597515,0.023621423636941224
0.9808819659452226,3.8823837309132276,0.00013638349036774292
1.2665058434293892,-1.1083384908558394,0.19722707782935137
1.1756286944335135,-4.795972196426433,7.638915853084026e-5
2.7534961936802196,-2.6458348124273376,0.10485808522515275
1.868107548464007,2.437556150902024,0.07993800490763606
1.1602461433842217,0.8461274708740563,0.2630747660417899
1.1547780359950683,1.5104037731846809,0.16693828827494075
1.9535228952693422,1.9069953056138935,0.10910125214032974
1.2306076707103717,-0.059908669602640074,0.31820291488053637
2.9274317563623917,1.6368042499930926,0.11410150396066128
0.6114429701507569,2.685528476092813,4.515255344918197e-5
1.2074414968980278,0.4131306716800509,0.3189854066200672
0.909681529542183,3.385005065554438,0.00047703354982907216
2.4128935947153805,4.980878937873705,0.02053086104854086
1.8310209074956436,-3.717632453895675,0.02709777251244398
2.6885009606993187,4.6329166380309665,0.03705007588116017
1.0603176742811526,-1.9598063508197159,0.0679716349944751
0.7027452454773837,1.475639458474335,0.06480311591863192
1.2776648989462107,-2.492549440945284,0.049374316115798275
0.8991630069125309,-0.043474779495960014,0.4454245500832465
0.5251011998144726,3.9098974246661005,6.88879916716283e-13
1.492349200674766,3.798808276316551,0.01143716891014565
2.2652528527521802,0.7468714683558533,0.1477606636192709
2.8750894044048394,4.474625002993198,0.04362693938609068
0.8142079850594026,-2.227480735504279,0.011410011431029175
2.958352489329931,-1.6957416109859125,0.11521852274910196
1.8653501996423048,-2.6413662664712447,0.07692291236852652
1.0649025179033098,3.566805278978796,0.001519581644928349
1.824915451323438,0.6117697282776344,0.22365208427335315
1.561151993188244,-1.662882137743428,0.11654732923298036
2.1218380016288996,1.9897441042310247,0.13034292994259522
2.880038783938044,3.5687698892412083,0.06621564355930176
2.885943634915216,4.556026938202649,0.03342868748360285
1.0489604527311425,-2.795250279321473,0.010632358532743332
2.0823975869971196,-3.4005961197877568,0.05051581180265533
1.7962016717377045,-3.2617980484045193,0.043831224186585534
1.0525203322798389,-0.04631780890268811,0.35303468218129386
1.5679897547557067,1.9378961635681389,0.11890021549343627
1.8148154361721205,-4.236144806395876,0.015072661672563447
2.904334396615934,2.4291868443727314,0.09033354286633875
2.190949469703292,2.1397880501709103,0.10021586729396967
1.0099561463760764,-0.8975959947476051,0.3111674042682569
2.802940031469526,2.7590201385101407,0.08786977217591929
1.3394331965808512,-2.625074509041262,0.045525598574002346
2.327538870300172,2.8805489065081566,0.08557880884455239
1.607360993478651,-2.486740360615692,0.07435545999515897
1.560101214447947,1.5996860980114072,0.15127307826047057
1.5169244708955316,-4.79851166357367,0.0018157089716426358
2.4703017764805306,4.15500969712199,0.03658895418415378
2.9001884006749927,-2.3191149760984917,0.10286214989684855
1.0775129184009467,4.606572917919372,4.643928585012697e-5
1.3801032842992011,0.08853145925512695,0.2799692465158363
2.5327458115613175,0.4900479006335061,0.18284146424033937
2.125163432669321,-2.823631588604756,0.0717996897354278
1.4136647358349284,-0.19996545767386742,0.32337925980279847
1.6604082357184773,-2.9168344342162698,0.04980383582137509
0.9172144151924908,4.501953562730611,2.2230529567890484e-6
2.345612105850336,-2.041622997782646,0.12088713849813515
1.927911412619016,-3.7119255465967917,0.035448023385373555
2.3358295206275317,1.392762796308217,0.15226396002368572
2.9029162233090977,-0.749796076637665,0.126261999611736
1.2905886714019186,3.4408439447976065,0.007735602679074522
2.13584473217536,-3.9939297569561347,0.03113779226692514
2.437704415407329,-3.235980298149721,0.06075853500815021
0.6038373040551366,2.7977426900535907,1.5732027004630934e-5
2.84104741567462,3.599941221569704,0.05458752405143069
2.4986641793285482,1.7950853515971517,0.13302491293789123
1.1712017146226235,0.560343730701403,0.3202668085578382
1.6485576273914315,3.866003876064255,0.015991141157309208
1.1060821189734757,1.493372126482039,0.13417185207537696
2.0654435670608153,0.33723367129307213,0.21214039725039904
2.175041450815169,-4.992142282918025,0.016071067905303733
1.8711483007970968,3.766125811549628,0.025007535510422344
1.6155838831176832,0.19454419689340252,0.2657387072845143
2.4678693337527253,3.316950070927952,0.06979371932967016
0.7012345866198367,-2.0463729481175474,0.008686388876439787
2.3389861168917347,4.683482598008517,0.021731845847068415
0.6759446296505209,3.1278371371690348,1.158260400483313e-5
1.651383636348324,4.663745707930314,0.004476597071968128
1.3674163477362367,-4.459561560961808,0.0014741459468330274
0.9833043768802283,3.0469265672384207,0.0032296256442329806
1.677911983633793,-4.019205511067515,0.012964056368798042
2.015108239031291,1.3049329710401993,0.15723034559668728
1.1390362853123022,0.6953702020623034,0.26413210416538635
1.1590991385418297,0.6771547016999033,0.2904203517454285
0.7859532649970475,0.15384219624411344,0.4164952656758294
2.146977477067858,4.088697833459706,0.03377459603266291
0.7625104227134317,1.235209310473973,0.14027738474103696
2.2252724340960004,3.9511965436641283,0.039575924682945005
0.8704553083568032,3.7969071029825905,2.9175300165330387e-5
1.6618568241924168,1.355345281157895,0.17269879674985644
2.9680023850266473,0.8181670805851642,0.12117871648122888
1.934097441790694,-0.6604709863682459,0.2111378227098561
2.264211122474539,-0.4337667755544867,0.1874005755438794
1.9764394456995062,2.6144300537247345,0.08128514461584983
1.8390582433067788,-2.7888009076136155,0.061727969288057044
2.955293773218328,2.4019994809334486,0.09580322555776861
1.8689006303826887,4.502976330377145,0.012139718376305949
0.9852471089633709,-0.1921710406822461,0.3750283894684009
2.1028555297660665,3.0110189853095175,0.07249305300556327
1.8259957965224325,-1.4262757780293978,0.1427823546356626
1.824982191737937,-1.1366966279366784,0.19931038853501665
2.3351149285377444,-1.0324301956761541,0.14866144190698583
1.847427167158293,1.1068532460200338,0.15993182510188084
0.625171161286774,2.490866162429467,0.00024280453349361265
1.278766213614888,-3.8063568693910788,0.004189846118076428
1.2702039093179778,1.181277372424625,0.19214544299190753
1.833590000539587,4.695049911798204,0.008544757054346945
0.5616064419034392,3.904881846037279,2.4125758298937763e-11
1.5361903227523332,-1.5955302761123704,0.12875620874155022
2.6065982314414082,-3.648142109396879,0.06425965762556492
1.1551633115999735,2.1541644197686995,0.061483506729357214
2.379061434685756,0.4081904920076296,0.18881179857878314
2.9165555954297595,-4.984318761665435,0.03638884963053926
2.550405160661551,-0.45338523299417055,0.1748677111105641
1.2957268020919375,2.4025577460356953,0.06753541747790262
0.5596575285619525,0.6096757278872982,0.4102744704571072
2.7550757377775175,2.450963744815402,0.09360592540208662
1.0930241246483936,-0.5015857320230861,0.37459281487669543
2.9735830007514,-4.560562317576756,0.03494695810884746
0.8585519667140064,-2.5895534423715927,0.004480818107451157
1.5140098811366716,-1.743445189126426,0.1446901758447447
1.2856561478043556,-3.4056345980331084,0.00915336527757098
1.9094645326416557,0.28606705237848296,0.21907754916328054
2.3713876589297973,2.7026097475580197,0.07803693317434396
2.664533300194089,2.230088955061076,0.10905375724936045
2.5851406404744273,-4.106314516626698,0.04406505996182815
0.9828917613709336,3.072978059452648,0.0028785732730639414
0.789570780939655,-3.694045946718446,7.716737237451865e-6
2.3159403109630867,-1.3475943242145427,0.1407706219674678
1.0939469619020235,1.0371507865861531,0.23171711351183794
2.4229148428241265,2.45980782682318,0.08807541092609601
2.3912448408627722,-4.780027731465295,0.02005601035129606
1.5788336370493898,-3.7624251996109037,0.013555770185979744
0.9369332454722541,-0.9719766995882324,0.2622365382181123
2.1299299662144926,0.03874829412634195,0.19751421103487157
2.105438631115258,-4.300755487138128,0.024095372348609333
0.756447569264576,-4.242500910358461,7.502465580670345e-8
2.3801566470948154,-2.4189760998298384,0.11798302186740764
1.0677503568980067,-2.290296604561737,0.03935450967895063
1.1284636963254715,0.2710296274655475,0.35026876007381713
2.5753202732463407,-1.1024205525729736,0.13117696837460371
0.878147101751487,0.5400808263274479,0.41153493174297895
2.8079588913354594,-4.540756080608962,0.035498668310153
1.5668710417932532,2.0215184378057565,0.11835534336162118
2.0540083156632587,-2.5625688051137807,0.08869960324231223
0.7719653171632299,0.06153777660487236,0.5451948591471419
2.1277286256512666,-3.006110256930825,0.0647468597743109
1.4362672892387738,-2.879006624659163,0.03939970668150463
0.9485396743617875,4.649741859889577,2.2904058373599378e-6
0.51809925200076,-0.19002916059985608,0.6947460998381844
1.1225108016023513,4.103354931728678,0.00044199736909883935
1.1705192037585308,0.1876298840609758,0.3445979456948916
2.0789018491865625,-0.20484268971956077,0.23413187130294633
1.3557241083877916,2.3733200537082126,0.06402506015568818
2.7901355289976815,1.187856769292753,0.13310319542884871
1.2160852349582,-1.4421689827649251,0.16038446233461354
2.5637264868783203,-4.329066717693754,0.03900089378829366
1.5685963178153055,-1.5324916390282404,0.14704312807564962
2.6226891715202676,0.9042459423406246,0.12827546944403195
2.0562945925749103,1.9043656851727109,0.13415599097816808
2.404782937750504,0.4498083408239726,0.1750239855914578
1.01759137404727,-2.450825958675087,0.02219268568439622
1.4334484507590304,-3.9855239243361296,0.0061193917616348
0.7677536918197829,2.9018674654190724,0.00043744170090383595
1.9009369806972933,1.655350525432958,0.14021664801784606
0.7312011502315805,3.4542067394263043,8.219663670833385e-6
1.1024128308636767,-1.6044309463333262,0.14154845431627097
0.8327072364400457,1.9698101817375218,0.02575068820915781
2.026852391901918,-0.6395398554734744,0.19869967506768482
2.305441189572715,-1.030007107834452,0.1590635625494132
2.747986328818795,-3.0059412405325494,0.08285286690012665
2.3732565021169267,-1.5704078489760933,0.132423150414588
1.966466740490103,3.7245040270107648,0.03464980288107056
1.4310684717128426,2.515028419243289,0.04545385156390225
1.2302678290349878,-4.781692777170222,0.00020252578732624451
1.2285304841838367,-0.2855322694609139,0.32576443528706994
1.6592793343557046,-1.245496479805749,0.1685427118553876
2.6278055822570168,-0.3193262263384691,0.1540971631873538
1.06300451460914,-2.534233199713224,0.02354671470146409
1.8138772710311655,1.3665588742763113,0.176466868515346
1.68345412070713,-1.1514979988372867,0.17126040349730468
0.7248830379588664,1.6766411969900474,0.03990003584923543
2.439465161923586,4.546501158085796,0.02722626034472106
1.1955755977227052,-2.210265285001131,0.05340023568527251
2.84465226725525,2.4799122733790835,0.10065119136350276
2.474180521925884,-3.374663513908903,0.05839110431943673
2.9466338633368028,-0.5067781169088725,0.13737102889368658
2.763683748265527,3.096577161687785,0.07806759548374795
2.694493583393973,2.822934299650152,0.09308250468196548
0.7936812861689797,-1.1808390196218665,0.18499759423035483
1.5395939541886146,1.2012634498123953,0.20229327430302121
2.3447653675065774,2.1719274412861758,0.1118239585612037
2.228581419880534,-4.983131630795969,0.01656217594828016
0.8190739710553256,0.4653655007218962,0.4385734679417981
2.1923278416601226,-3.889890897204146,0.04142564048819132
1.2612964306820276,3.1230288004223112,0.01583569902822174
2.8243667602397573,-0.6028419142862731,0.1587338973653756
1.6032848636944097,-0.6569876519199811,0.22714557154433213
1.7814246507896832,-1.234230739389587,0.15603271563658447
2.064021348451636,3.146071761095687,0.061078819163237416
0.8527349583204067,-0.44835999431200513,0.4341359079828844
2.266098873030211,1.510706926214449,0.15418355887849133
0.9441567440623775,-1.7169517737220117,0.07052838943763923
2.1449687313356858,1.5629312592140412,0.13011497592484472
2.5055296803547638,3.8224032828282493,0.056040962233050426
1.049413401475112,0.8839092046799628,0.2962237168154468
1.539643811099408,2.994077865464263,0.041264947789334636
1.248055844125144,4.305372947221052,0.0008085604306818935
2.524669749362503,-4.08388993604628,0.05038770817973805
2.9554926083891964,2.68210927087925,0.09385219305134342
0.760966400299586,-0.5072428503868522,0.40101797088792374
1.7253545991523342,1.1641979254472288,0.20702444678928084
2.372665198986545,-2.7721185676708693,0.08366438765871158
0.7481984342313448,-0.18532513527093641,0.4475903653101112
1.0199948112437243,-1.195865587799454,0.2150252221576065
1.2600213842898518,-2.050908800139899,0.096168783118948
1.8076275546579854,-2.5918636857921227,0.07089929915681996
1.0247502108974824,-0.106432588862452,0.3688871007791202
2.6376968568734993,-3.2247020720090047,0.07515226194758248
1.2210417373160465,4.873573396852619,0.00011621124158893564
2.106971923003841,3.4159163351983057,0.0567587818404395
2.948312331846671,0.47682450687841804,0.15301064377192874
0.6468690259259622,-3.2597297989953287,2.0339184705337036e-6
0.6698577994386413,-1.0942463033625724,0.15180393281118973
2.8459568893409406,-0.2855800920838849,0.14118219815820407
2.6706605713147793,-0.018587472600205324,0.16932351256263956
0.699920697072302,4.227179244286525,6.498019937586211e-9
2.0399191705869475,-1.3137054712819864,0.14530417429320988
0.950941380137983,-3.7131631885825933,0.00021783862995419418
1.768454974758575,-2.5554778980037995,0.07825043209531117
1.5580698077214792,-1.1003709130009698,0.20555565491430874
1.4283695846268383,3.5113766767796335,0.011676332392188656
2.3382969723387546,3.653475745164357,0.06176883583000792
2.7050707119656034,-1.5281595274125115,0.1206202430864938
2.4174346443611308,3.786813622083855,0.046834765496448126
0.7787706927555378,0.6565150170228033,0.3652170572343956
2.5200965253766983,3.4042013420266724,0.052304467403052966
2.4043561708642542,-2.003825373914659,0.08506679757432033
2.4357452590801136,-0.9503003492826565,0.15685066127305983
2.180173220515105,0.48873125409134044,0.18069527225599902
1.5265212232456826,2.132884756345378,0.09803178972065427
1.7401861276105106,3.4145306955017336,0.03411518643880607
2.3767725302705145,-1.0661587220856261,0.14173289502619557
2.150824644558089,-4.236110986082986,0.022910348760413504
0.8212850368397526,-1.9307246651531793,0.03118477299150597
0.5105861652124204,-1.2676013878543801,0.037625465668092384
1.4620037799310708,-0.6250009982048716,0.22791069245468754
1.8679004116787044,1.4948844698039494,0.1510253622942838
2.8582814265851217,-1.4517957297055295,0.1271240234104929
0.9259303319053651,3.5566004467915775,0.0002786395192244446
2.6702919638721148,2.839347763319773,0.07481629348340398
1.5368596556523118,1.3041245287146825,0.17441591987786254
1.4104052515339325,0.6191151323253576,0.2583419454165254
2.593642468041712,2.883765547896054,0.07074116798861968
0.5658507454512336,2.840817463333238,2.050089615601429e-6
0.7244863277306197,1.0137710337140327,0.22105513141437821
2.9255015382625817,-0.35025257516524544,0.13005359825595508
2.1902288521360243,-1.1790270677012815,0.15752875638954372
2.6311885181088046,-2.2840029219394156,0.10185520138817893
2.7714185969653027,0.027576455177610093,0.16402817956296822
2.211519852612315,-2.5548141971142604,0.08530049879790962
2.4695584711488445,2.518222865952696,0.09160058452361419
1.971533816371513,2.7942825830019213,0.06886085698436384
1.0803620458140935,-1.8187182161880355,0.09222929009191944
1.6346999658182284,0.9090956027450128,0.20185272103490762
2.7767526153757105,3.91844302002748,0.05635268221184764
2.32184786000421,-0.7044171949113878,0.1817246027081674
0.7440115848950166,2.200354127411085,0.006217140804663497
1.5675854342356619,-3.0205287837426917,0.044931178756238546
2.874453203456269,2.139699602811394,0.09938073010736426
1.7997045596681092,1.2208351680708862,0.17610228501507147
1.694431119159056,-4.813384209426047,0.004059957045427161
2.0553294662285073,1.3997044060427823,0.1347822541530735
1.242632963453448,-2.6944023032385376,0.030010591485189923
1.3733263506601128,-3.702034290458881,0.005573741781436045
2.8170606074331137,3.905317699133402,0.06043162728632195
2.4950326044452256,-1.9615859359895218,0.10793753598240967
1.6872300973039687,1.4775233614904595,0.14463979576607147
0.8746809114603861,4.656321130397373,3.8422868185037e-7
1.5465411635096098,-0.7868678499978792,0.2539112342033854
1.6218252729408609,1.0940402717175512,0.17913634622365968
2.6105153404361015,4.75372644512735,0.03329375078895652
2.5469232714129886,-3.0334789315021116,0.0749727024337511
1.6640454181006046,-1.6659644121150397,0.12785807868117224
1.1763179521854688,-1.3058885384180452,0.18456856851891273
1.2799684260291966,3.630660385675368,0.005437260366448304
0.8860093077441806,-3.596657534954988,9.942016585769498e-5
0.8345513867174208,-2.042906388567187,0.02273605443079758
2.6692911727987143,1.1958597576347625,0.1282418849465166
1.6733858706738665,-0.6668708246587673,0.24598326853943128
1.9950765282158327,-1.4938664446851027,0.15122714830675607
2.2719775567953646,-2.6278334246253934,0.07385922117283243
1.1401286512483908,4.125299114622177,0.0005654345351636403
2.832401264871778,-0.38386601792374364,0.12976203547710707
0.9144134463644789,0.7583175425695998,0.2691987274633233
1.8702043751973447,-1.6429660108287178,0.13565018011415422
1.5031519086199752,3.5346046299726,0.01812744911905847
1.2856364463842866,-1.7772900367711975,0.10609082280353603
2.461406244866791,-3.0161673966304647,0.07376511102920327
2.8636459083236967,-2.374916445271399,0.1120698193147087
2.7108331856403147,1.2916255215485242,0.12643102464980116
2.41913381114996,0.30654504492831247,0.190405306742399
1.272688922363175,-1.49428869390095,0.14443496422912538
0.9643825845587335,-3.493713092119224,0.0004443060047490313
2.798758747576311,-4.893156918407827,0.03139962161292843
2.427815668803601,-3.9896572353325577,0.04323080332597802
2.0206654694474895,-2.393428092910501,0.07313854884168493
2.0672749908372197,3.7011055508082507,0.037223978912464706
1.8702644170597755,0.38903802412047206,0.18657863071993386
1.161330850988639,3.1515694438947275,0.00929794149758129
1.8525645434388909,-3.281667311575104,0.04388104976653692
1.2099631743796744,-0.9878438239261831,0.2479291512744976
1.37789441910173,0.5821759143126854,0.29437136953161097
1.6548348853972679,4.360176138321679,0.007692285177801187
2.057125667401479,-1.0347955526916799,0.17657348357892808
1.6983123236372606,-0.07787225156698874,0.2328850500058307
1.1838079386962432,4.327077913453882,0.0004300912337014386
2.2326136728357047,2.3976196925654154,0.10953042334576352
2.0673244310678807,-2.3253930617034513,0.09800398797803424
1.9014809464295221,-4.301205839025687,0.015849077445231792
2.972346555417043,1.8217072781747659,0.11811058469449837
1.0294849754012052,-4.475405495881242,2.62772967364425e-5
1.5590439797953934,4.66868668099335,0.0025875862680924955
2.502234449906947,3.676077570056231,0.05461583583352902
2.471821950774031,-1.2563745464661724,0.12913547542050088
0.6985241837930409,-0.19464621204134946,0.546854692732289
0.5893139279970103,2.284265089574351,0.0003682947232883123
2.2870225211851642,-0.6534291980087348,0.16290675636915666
0.7137339564158675,-3.744499669476747,4.70048779117841e-7
2.0026089984900364,-0.19369101944380684,0.19756793464991934
2.3007279681158384,3.6131648228558717,0.04666734229144418
1.5165832240891075,4.848645895721734,0.0016715276025635888
1.4598711389678924,0.9533834117009041,0.21400594446246224
2.177090133508896,-4.150750043260919,0.03215103853297538
0.9325049427543709,0.6019420237991602,0.3786773593285338
1.4680579188482397,-1.6066237087204351,0.15157070701789788
2.18465893292846,-1.0223010425907253,0.1516040232702435
2.505696660461215,0.6288693522191382,0.1624576621132174
2.924865972323043,1.2137275075387084,0.12413531433134747
1.941067182108118,0.07194912776573048,0.20958822346220124
1.563892802445504,-4.383278728701311,0.005019768404302564
2.4665035090015293,-4.489518596371754,0.0304552113362763
0.6503375448945393,-3.2353761552605143,2.5635593800832675e-6
2.2957392894603514,1.9763259572642777,0.11776902250095085
1.1201520141852914,0.17486476882690472,0.3912687474932588
2.242173018937587,-1.8318275228018042,0.12158278247243835
0.6361472111030058,-4.491801259382155,9.774826366746672e-12
1.8423890076738563,-0.9346111343192351,0.20909781622133122
1.8631895066568567,3.966132652657949,0.0249307585270434
1.4895801596883957,-2.4094899707866126,0.06875831057511106
2.16117183125111,-1.955520224621301,0.13508700495428277
1.980232765568322,2.527924015293398,0.07610741174643146
2.6649694180736208,-0.2808693919368501,0.14400659789253237
0.5640946370285944,-3.389937431687305,1.0255276656888607e-8
1.0068351855580353,-2.4410310614780286,0.02159225153277649
1.8193839397491491,0.28051430220840246,0.17668630098347954
0.6568778845915286,0.7174982010732389,0.3645097229804164
0.9098976977941149,-1.2003694167415366,0.19801317976426502
0.9950464685035774,4.951933349757839,1.5949571648255308e-6
1.7102829822588912,-1.2304763371800709,0.17769758165500454
1.757147060219458,3.5424776666896722,0.03384192335104209
2.0245297166268488,1.1125556870018833,0.1405131891292066
1.126331074295348,4.698264989559771,6.019813368217384e-5
1.9560467943917579,0.0960836358462922,0.1822864966829665
1.0172319041188167,1.6990569481459437,0.1066537709729386
1.131829163841925,-1.715713515954762,0.11556878893541046
1.5098915199015657,-4.376725819828261,0.00432655156351899
2.3724536350110284,-4.541429631515651,0.023135283520408285
2.148972593355231,2.824372453146701,0.08087926201892061
1.8378381641806878,-0.6580139495933359,0.1800471362840944
2.0911007484249104,-1.6226671193977147,0.1513273846061518
1.8612844082841749,-1.1813329413702212,0.17922246260975336
0.533921919965133,-4.976113753800119,9.21204832824832e-20
1.044407433951889,-3.097768077818832,0.004873537539220614
2.0838963535710064,4.219248937951077,0.022436734587058017
1.0792194956594507,-1.3243530691130778,0.14867483272848486
2.3848409466293496,3.581045315878322,0.05652537860875841
2.9034642372101898,-0.6354532158443069,0.15290982080218815
2.575324292964383,-2.5054551640596125,0.09902836259408687
2.9987612440513205,-4.1690810300594014,0.049500863312275226
1.1686693927731033,-2.2497044172283864,0.05946604128341908
0.5904622739161393,-1.8754112639175222,0.004632675339562353
0.5144453448701631,-4.402416984110367,1.0273083668190398e-16
1.3191713349141192,-4.726000706909676,0.0005280322712151156
2.3855085272321115,4.467920814814647,0.03266393996033991
1.3698092233526287,-2.9105218963842185,0.028660472833199235
1.0649130014557722,-0.23986149056842354,0.3081085858286447
2.0414144225779074,2.0186437174481755,0.13797770014347016
1.0069802004072146,-3.0175708187222607,0.004383986555595405
1.4570756252798969,3.967204180667496,0.0061737030620077574
1.8220675043288934,2.787328066056043,0.07968859280998757
1.2121230848007474,0.6987261158219855,0.2639555743125319
1.4408255407701809,3.6890196985421326,0.00955457766492389
1.986759835619185,-4.71628331708648,0.009562180863742728
2.793214375344762,-3.008433541899093,0.07728147229364943
2.7599084144711448,1.5812529864561142,0.09995992102938638
1.6162533766417564,-1.7762219284456515,0.14544694470376018
0.9474831810765791,0.9654170525308867,0.22740250678218574
2.5873088175433323,-4.637365051552078,0.0230745814012478
1.3211528039585145,4.7415203946591244,0.0004893662559582754
2.595648195674923,1.8760873577829287,0.11457894478387863
0.6875543609346997,-2.1841549428520937,0.0038957233095390214
2.692955481839661,1.5324725254132723,0.13176121053707793
2.4318091613073447,1.8131433413441753,0.12659585291494685
2.6648958746812808,1.9956780827906604,0.11596032383013252
2.1883769061415066,2.7203680480643433,0.088690541046905
0.9162342541801806,-4.670072266855639,1.1225889077423098e-6
0.9947717117586387,4.526272288670128,9.679416503163161e-6
2.573945288709913,2.443881020680908,0.11487604825331366
1.9378773145906054,0.39519389505827895,0.1686804746809471
0.8049853939640029,2.5694302393893373,0.002659540216928086
2.543746877630472,2.4787165014807897,0.1004798626340225
0.729054971480346,1.4369075770123283,0.08329894963767089
1.0096486751671214,-1.6447631181789149,0.11602905929354354
2.6060199458447726,-3.9948717197911265,0.04661895788151238
2.6551046057111267,-3.5302941266200727,0.05694698298702611
2.5677829105160557,1.0611957084193921,0.1415403487014315
2.472541603004649,3.834399715893719,0.05115478557855255
2.903133408296492,-1.5606568827673395,0.12869165184559145
2.4679724563556453,-0.12742496958896865,0.17269751605547803
2.5602963560737146,4.135987082591065,0.039486560603553926
1.426234178300487,-3.3898556380900544,0.01695597110368217
1.8291619686604104,3.1802937738647152,0.04226460262307331
2.964163634966288,3.6186088611768454,0.05705269393905066
1.3198844585350158,2.791071194323596,0.03213300898257051
1.4200211569964176,-4.667004031016219,0.001258528803323052
1.8214786668019265,-0.030179613257260485,0.19401300874889568
2.681739901113233,-0.14239392606654544,0.16000949425679692
1.3612721018259475,-1.589834058373647,0.17554000710825332
2.0285677451668827,1.6837526026027483,0.14156330364738723
0.9096573028388595,1.1245981262344138,0.2246776358433137
1.9081853024954945,1.0627309413112194,0.181752767219289
