t,x,u,y
33.6462242190375,70.91469896602433,0.24969385630059338,63.98858705550419
46.59370456224471,29.68343293437681,0.44647754593293926,8.928178509051003
18.909298036262857,-14.550435191833373,0.326487476576165,-21.96010072250051
72.64268908125055,-4.882470919751597,0.575176231334314,-46.43340032883312
55.03444667065227,18.14883684175348,0.11726955918290931,11.92247212483108
96.73389796559707,64.0846151304334,0.8520003818262307,-22.535414975400897
14.3658401106328,-36.82718584099307,0.6512555801755036,-34.481617228125046
66.87909963581421,40.801372156224346,0.5663521490232539,3.231913884531427
14.00327152123534,-0.21316712501126744,0.9877424007015728,-13.488284188347206
24.554511915732537,97.88271760472219,0.015686628858037097,89.97586120154246
60.38595736144943,36.83863501672104,0.055398896554540014,38.64631168811513
48.6027825863456,28.464958181572854,0.6124175558245493,-1.3538847764119688
5.028300874730284,39.021642096361944,0.05815723106771983,40.43033340999191
59.55392288477533,69.4079569276353,0.7579284371038415,24.731059151292012
47.94811460651055,-62.33489444716254,0.36972775691509707,-73.59849076050713
3.349197716077712,61.7206922592554,0.26805375990615576,59.95836060509719
37.436485049929026,-18.29063352380342,0.8427150438476972,-58.7303405646654
75.8406838812625,-13.699882900438709,0.07782703923998262,-19.055793384935388
83.72687224738895,-22.107941333683968,0.055900808174549496,-22.375485089854692
63.47188826490234,-78.73523429626697,0.549525632268946,-132.19927607842197
84.21593424048133,58.420131404847154,0.4537898693051856,18.853975088908875
99.41151359938054,53.593456692342386,0.9732954060820508,-37.26571586496223
62.51889402710792,-78.58954144782274,0.4967881010845516,-105.16144058154627
23.02338495724309,48.703762550895476,0.04100673744430285,52.23658408534356
25.702934352036767,31.83967224734525,0.7990005407827293,12.263369597101558
10.39973868309405,-95.34121438380512,0.4859187167680935,-109.65866874265569
99.34046054890618,9.032464625099806,0.6765716068267722,-66.6596609962409
97.81174844365947,-17.768305787901426,0.5557145393713341,-70.30898489583815
15.127740297851256,89.74307831519121,0.8780536449155573,79.65374057458091
88.82179810285686,57.37164934696392,0.24120650764836404,35.87017872398862
64.8715659098795,34.90088117836913,0.347501628466161,13.229030592551496
19.430370046174005,32.582872096719456,0.9547570602928,12.922279840087786
47.17124074561988,-21.769434035926082,0.23626804320173408,-41.48903111255203
41.90005665104722,56.06584779236218,0.7264345385810648,25.46061223489957
66.15858201776871,-67.37944563096019,0.40468436661184215,-87.23981825818701
18.740833158283642,66.08133207168692,0.8635974090999041,59.08355576825502
94.92824427695442,11.080754761676431,0.8027019868103161,-61.38401850522791
97.81872559043086,16.238211462716606,0.389882051224566,-24.10881023905931
71.58243852402882,75.23378545312315,0.9231474033666279,10.01410604636984
75.42001370418512,-89.27599080990656,0.004232865620833659,-95.091017981662
82.64451016498865,-64.85428571095474,0.11906826696063451,-76.85980052432332
28.209042267989616,43.34988824970608,0.3810155592382442,39.52485125887244
87.559316547325,-28.196564402033715,0.2723648583498885,-55.728861367621654
11.207993506359559,91.02299248430467,0.8449650148108473,100.34198978477635
79.1663981092776,-8.53994987749222,0.7766012957012213,-65.67267421030307
29.824173067965255,92.75985477179319,0.696569369900657,65.99103976254708
80.99154558133505,-19.97950369420691,0.48057940185432935,-53.002386954354485
62.75233897926211,-53.42910404131172,0.7633190492600598,-102.06516417033211
18.335957746173005,-79.45687087762674,0.4350560179060017,-80.55673186948067
48.37466873487934,-51.8950976719744,0.9789783591387963,-91.30085472570066
43.988022545150415,-36.100608967406636,0.011652854405771578,-35.86570256421673
80.9184573439092,-40.192966540484896,0.563912798786568,-79.01902384430214
1.2773900446892417,-57.60819919893938,0.18356757402885746,-54.55495263720377
4.239207992398852,-27.99820006707685,0.01777765302818458,-23.4362357310073
11.027101494397506,48.29308198033294,0.11396871992219963,56.063117537836646
12.785869450533538,-59.476229649871094,0.48975676426719955,-63.27107413376631
31.708235386569473,32.92390133492674,0.5047853266270514,17.90928297814147
20.225155239705128,-84.68449531637661,0.4329134216042069,-106.70611927019868
26.259679766666157,10.992283069992027,0.8194289882194089,-9.772319574698512
0.6000840901598359,-85.1484470799488,0.8314339546283291,-82.77284375621024
17.034547463915395,96.19024871334602,0.32770806064968233,86.27082721436253
90.64511910254129,-30.017586013045275,0.879946403349344,-90.07444088831686
83.41329655307894,-68.29797391493551,0.48754232702094913,-120.01562752971284
35.82996896611053,-97.85688416615584,0.8947936300794199,-121.93571778549261
73.37525125690958,66.23545008052389,0.4251756879350871,34.5906351234657
49.28851393518969,-54.23335079972333,0.7311628538676598,-105.86958671351545
57.327992551010844,-59.445797367881866,0.7305704115016673,-114.1770922136713
74.08340337526722,47.27737277321114,0.05884042459168914,38.243680415379984
39.39425859569903,78.43977738060948,0.5270249317772155,56.78814335740098
28.293613965464548,89.39592740897444,0.6154624113377892,76.17301328205025
21.070895561602942,-11.093407223967063,0.09942303263583387,-13.727588071539413
89.62611307990485,-86.46935654503628,0.7148885826486219,-170.60744246993886
90.16374970209458,43.57492454299711,0.0348113715891932,34.909375026392354
0.8835828269560531,38.41079113389574,0.38760802961769175,35.784877881134854
96.83161768939543,-25.909138447421512,0.54212949388036,-66.28516200536737
54.513810748920136,50.63800017475958,0.6407865284478663,17.732969193393682
5.560782595784697,56.75970613739,0.6080193781225772,59.26463314193451
89.57200177975332,10.62779794661337,0.06859854828660354,5.567621690893484
4.547340813994238,45.029465546855334,0.25058926989129093,43.61871556526575
33.3443469395118,-72.58391538448225,0.31491136760154986,-90.25356166732598
53.423298780559705,-85.01922114271008,0.6831624429295923,-119.02226616853574
26.11974268194739,45.48645694327368,0.9174721922228994,24.00244116957031
29.278152662585487,37.18758227959097,0.18133382689499045,31.89690193599299
27.55658729206152,-61.14935782284494,0.9536011550099822,-77.2318135160354
1.3288545951909758,8.078202669368366,0.02174120644909725,9.07341556975691
52.717355495527706,30.190228812458514,0.02075806279296243,27.45227481348003
34.314007747159316,37.665320721741665,0.9179227411277364,5.859294845566774
17.23541729520387,55.71652674560377,0.36880767475949433,60.84408052302162
60.83015767094982,67.78937422014343,0.437034920743636,36.76364552718561
99.69471662479457,-54.603830636853324,0.9531648548287954,-144.29673608612887
7.327590564837028,-33.24986488486866,0.20676338007611125,-39.512220748730954
29.43550073492709,-92.34506344304371,0.13299595662548208,-93.60356927321504
43.56354975433357,13.316187523670365,0.7758099390779299,-16.51463084093674
78.67281907001689,33.74618169540739,0.6658306600590328,-18.292504991644638
21.334497436177756,-10.701871455027927,0.28711526471981225,-15.946952250186245
72.4841980921143,1.631364528516528,0.3688516739609766,-23.54889769402331
67.17800343566861,-64.61724911556567,0.552800572005594,-111.51471359519037
10.174687772494273,-9.566848912179054,0.800487333976857,-19.830026829161014
55.00502751370428,57.0320715073787,0.8217357328477738,10.68798784768465
21.951518110596034,42.14407950055772,0.7057542644530556,27.643036256434335
51.56068879521148,-3.1424305124946557,0.4823288602351995,-28.968649940445978
86.18773558629469,-77.59834369067684,0.6419397496454536,-133.14920509166896
33.44601576071617,-79.46711775964664,0.567113965237742,-81.5010334020854
53.03430623391947,-44.25446199638687,0.3338691103145773,-60.795506730323815
71.60339848937207,90.04007185488578,0.8680401662549955,29.84470031759508
8.194360458106742,28.997728547841803,0.8662177171239879,21.845353155427688
65.4189179485135,-78.83751751055678,0.7594054550327692,-131.39152682333756
2.715169418040053,-33.932583283300886,0.831768107149354,-33.2752043253449
36.20710039637519,87.94742536032928,0.3973369500378662,81.31820699053866
5.054548958007565,-18.502306086823637,0.09536894441251867,-19.905964273047516
63.927511096132015,93.77081753994813,0.9151177326140284,30.344908074420708
90.89036333369378,99.32716270692711,0.8883374139861964,18.856701431803156
70.91719552741765,-19.61092594625991,0.43552358936486013,-57.598764927851086
80.92249278391914,-89.74935971602436,0.5784933794347822,-134.50253756559658
60.526387173666876,-85.52888356287419,0.6233841679104941,-136.03240352016854
6.995140999929816,76.39626968313328,0.7678705612850224,63.57383134944479
42.003193693293596,74.0431808101228,0.9467715468599817,31.93942255498493
70.67291158668483,45.848293452602064,0.4243690206218804,15.119942164752944
73.29599583180696,67.03150542938195,0.1339978058552644,60.67747046455328
36.05634571880743,-56.989080685113905,0.3247395089793717,-67.84518492250379
82.43356803410555,-94.33023834566232,0.8141422190236597,-174.5249864203116
23.86894791252837,99.16993590236868,0.7518543651081991,99.38789257949774
49.60401048215316,96.19968570451806,0.0799161670813556,91.30859639892155
35.63110387164401,-59.66812792395293,0.21934250350550355,-73.13074101543333
15.640756081590135,-40.54311347946533,0.5482076446613052,-49.25736244297877
41.98291254627535,69.75201068960382,0.5793955341794965,47.87929355417925
52.03862282353291,55.215578907222806,0.8507415693427509,11.816406557785212
77.89925461772314,71.60224821037812,0.945106701362807,-2.051238502657508
97.47246663859414,-67.93848969012781,0.5002483263365658,-113.90288709213652
95.14964795184616,46.69431873222885,0.019166654421622933,38.51344699842978
99.14428925733498,-55.72035463884113,0.6885628418345104,-126.3698236303999
28.63697795609078,-95.18263234996485,0.9727011129447576,-117.85930206666383
7.114528184266156,20.690962110065072,0.54180332811406,17.30838498676872
21.59227258701507,-65.28289693521933,0.8658270549138111,-84.52677423641865
20.36996406602175,39.535469815055194,0.46492505911863613,21.18579227105024
77.79277711426342,-21.22160650386577,0.3717464901818226,-58.30456648455827
4.651752210203341,-93.13447378961905,0.7095998055436945,-105.42117359434381
97.96605113872737,-8.528524725420027,0.6664376089314707,-79.41511739159658
28.636518910770548,70.13514739475178,0.5263896239885791,53.22817398205268
92.05421240161445,73.35502965528309,0.8155254287716077,-1.994275474413933
79.25891518313583,47.75907775650839,0.17558639767890305,31.934428513079347
74.75509105167546,-86.01498836789578,0.8685245114832815,-155.8017727134003
30.730837666156486,64.88829537234642,0.6787542575112976,45.374178862501346
19.633287503589226,-47.314150835936154,0.058478346029568876,-42.727792279966636
70.46567465129458,-79.82140216572454,0.33563781899604783,-102.73366392513694
68.86022970906863,-76.78771110725293,0.805417473433778,-137.2700177377279
16.778841268187893,78.75789436230386,0.29671958161064593,81.87561950011359
57.58043621303448,-49.1046279625905,0.9269405016148515,-92.73710280503145
27.390279713881448,-90.83233174109675,0.5265511776815067,-95.10975236857567
40.04546369741389,74.2991673771854,0.10685637234450478,77.47860776597707
6.31570500837606,1.681883268820087,0.5270441042565132,-1.6062474415416645
70.35217001701145,-79.86852373052902,0.13024120457148974,-98.95707448317387
38.088611939928285,-99.35708250331865,0.0457810632341789,-91.72781996834084
47.05087986848999,-68.18480999400074,0.7423973005967379,-112.2153553411723
27.35170517292015,-54.683815948995296,0.5691665399338706,-65.83113953626567
52.65779314538752,36.153869422221305,0.1300956282282655,33.9163114337643
24.622614429531552,-64.61915578736063,0.1880378442314966,-78.78343511930049
33.97580830047631,42.54919639347304,0.6386736665838738,17.836795832287414
17.378661987601763,4.894029178598998,0.09024922895231376,4.104132573249988
5.588444434871398,10.975972566797523,0.9887445275263028,4.988891470450761
46.36676082618997,35.50011198564948,0.09147386901319766,29.376637885403735
77.67808145628136,-94.89821860056563,0.453538246599779,-126.26645732974988
17.461114854185467,15.925502448439246,0.4913545432234617,7.548540211002266
25.67440797989642,65.77853412631401,0.8178935070329398,48.91300885610379
91.61107161919087,-61.53264905301206,0.7558562105646568,-130.14762305542595
38.20583310673739,-45.53301759213788,0.13577387304226599,-48.29382973574592
41.749990870983645,-89.95651214377598,0.8380042013609288,-136.03383596025532
99.04774525631554,11.943112742015671,0.5269555734426087,-36.03823407072558
26.2090846335431,5.596067079381342,0.7209361949868042,-12.411113166108878
34.63957316987568,-46.18881517264273,0.17919458657664455,-51.89438787657822
65.22452511476514,-76.08064951904572,0.5790885111469984,-108.3415437956676
62.62775338456395,-90.68284198651145,0.24150680572209968,-115.52917157792211
85.48404563312548,86.1838159190464,0.815569628742429,16.245642178737793
14.932788407140162,66.78400088726488,0.1396468469737191,56.45537600771615
43.855923384843734,50.14978867764728,0.7741926466881158,15.839037443569596
0.9758485980147724,-22.43090789423215,0.9607509236440949,-21.157773221430308
18.14155276104654,-15.979517603235323,0.5917720136544863,-26.869279217942704
88.21566399471028,50.542814141477606,0.878158391600601,-28.079111441103155
85.16360142476557,-30.824885282326548,0.36603322768741625,-51.35701131861856
95.17862565249973,92.35148356874109,0.11890718954856803,94.97431309607931
58.208718063245804,9.073223735031405,0.2476545479475014,-5.3532847737278075
67.56028733846433,-21.958297134287875,0.8204048888231134,-83.65703000029283
27.752336045083283,-76.56924792983861,0.12051728111598961,-82.00423382104907
16.8420224217673,-37.71194327266378,0.6206176005963294,-51.38048329212211
18.55700151742714,44.99301226058188,0.748616320253358,28.620110872045835
16.4847300919576,31.641293397306754,0.15699762359885253,26.54882341961142
24.78475639069291,-38.27697178533354,0.7945972216020519,-63.02907866686259
45.66908413449815,-41.014401859963144,0.12452582899719689,-47.66118063244104
3.057450657059002,-27.266881308448546,0.6627798511166072,-31.22962974760928
70.69323791537718,55.970915852073546,0.43070817248677906,26.844185414009644
62.642433755675,63.67990430644065,0.4549603168728005,38.75858019922224
66.45630312617817,-53.46604821731651,0.6114735524801096,-105.9185617521258
9.478094266959115,19.10974911255991,0.12731066391093632,16.046013687818864
45.270924305530116,-39.25592886733078,0.5762973523296102,-65.021033291907
29.854878485119695,25.34269967630034,0.6184534074206984,7.561044181857266
25.518439997360588,40.076933866100035,0.31766956524006373,29.015351724558954
42.32137778001377,-38.714501602189344,0.8764571867630186,-74.37297378095889
64.29941495894911,27.09463529761649,0.40120317957734647,1.1096704745032318
35.88721125059302,41.28634347749656,0.6021817971859774,16.89052884452164
99.96653015123476,60.13760137485431,0.6916230403076673,-9.029851400148939
58.03516826866888,-9.009973394836464,0.4565282090578481,-32.13923062562039
61.03666275203129,-2.5944462890303583,0.5905144556954186,-42.50587830355352
35.89918681397602,14.563341381426113,0.43965061047343,-1.2815983084677491
25.046483465597657,96.95540083388119,0.29872943732238455,85.08334225228703
98.90390975362548,-93.50345308584673,0.3968065167359335,-116.16516552439765
64.52892896720554,-19.776316579312137,0.1969254304907084,-28.452492232473404
73.70796926440815,-58.72988393610434,0.5295618261937675,-65.53956090901926
19.16610204096666,-89.3756092221196,0.11583031362780312,-94.84370608790636
50.96701046814213,-74.10678960514923,0.6356260995079352,-123.40150388580912
10.79418476620788,81.59093382033637,0.3803695008811107,76.65625256249874
16.28252301716343,30.997629706720346,0.27745487225229526,22.90251215726228
50.30980493727255,72.52507659890858,0.26264212048381363,69.14574305556192
22.00770145121629,30.86626568997906,0.2533564452342558,26.876732492391383
17.97394501573619,38.186563830494975,0.6284756001394045,23.95267366109806
88.06729348317982,58.59609352189898,0.7589843996623328,-10.313240889844147
82.64740030662779,-79.72761017495822,0.0767370848204798,-92.0166243176125
45.0562807594759,53.11677461742201,0.1941176298942681,48.27603023686347
34.34313198869739,54.76933403637747,0.464301931322434,37.06662391571559
7.961604695153735,50.50883961268437,0.4216447516245419,48.55067417161342
96.78732954632302,-97.7570430682834,0.3080089611103879,-129.269577409246
42.06840566506379,-82.38821580086908,0.7600268842911289,-119.4854429861892
8.035982255007568,-35.324019258430724,0.6397718426510063,-35.82290892362293
37.1265245888917,-84.20282937132544,0.9087394530398618,-132.30816924632109
8.510180202162498,-48.133866660909064,0.38786779906874946,-54.95894178769322
7.124936814592475,-97.70944102617634,0.5053487051321635,-107.15688913640707
20.11800909833997,-92.81700288226568,0.7333706630854936,-112.15720477825984
63.480853965804926,66.21604684804521,0.48192925285603627,33.51825198414942
81.17280273501858,96.77828171834136,0.8439957602195838,30.52049349444231
5.704482098603359,55.21456214092376,0.8587859356553509,50.87686683835063
93.24820749682438,92.32707552318556,0.586709498321467,42.53521139226906
98.66093734865375,-67.5721185468044,0.885432368540764,-117.4479919454806
56.636225662129114,17.603327915444765,0.2188889983471695,5.736724987687121
29.063306324838024,-27.142421577911932,0.5410959966557005,-49.33113927371361
73.8616234897098,-20.318938733478006,0.48644182902996613,-66.42039401166512
10.409476226987401,-88.75977709199884,0.24571729802867964,-101.7559303988045
48.42623557166592,61.22501412814006,0.5839761104907826,33.65677021913652
57.53595435090194,98.24328434983195,0.36794181756398375,75.99410995224954
91.87299711847191,44.02380862279534,0.2564493567586541,21.77441903904162
78.9150208667411,15.868903899881474,0.4212861045815317,-16.731538274071816
63.8524350553939,23.194384591358116,0.11778470450537411,16.163415885015517
28.251786593617577,-61.224857216889305,0.6183169873677412,-73.47628346377668
35.342029505284735,-61.24896419993362,0.7626747533926677,-97.40558982513087
85.13785594004116,-9.510838616066522,0.0025904610301469,-8.77471494426672
80.55622083214055,1.2359762325077668,0.7395678136241152,-48.78004981340235
63.737723069866625,71.11646187746149,0.4714839182100114,46.20885944388814
0.8719847205809428,-2.8086152489944283,0.3529324400026346,-3.150094656209333
87.18358238422609,36.18704076990821,0.12322232253438796,25.801449260392335
60.16390993607656,98.27442086713938,0.468618403356342,62.06880623889283
73.04736656014012,33.3377012263779,0.0785679005544453,31.10185037864551
90.20586164841296,70.91302630076902,0.0978451062961726,62.32581189602902
54.040776137435444,-44.42853553463468,0.7201809476633905,-67.27010315274921
97.61243624576991,31.785677242017357,0.6986064938398265,-42.62311810704355
89.6504374266374,-49.45906229571258,0.527176369321093,-109.19980432985238
99.1570749772796,8.83443876533201,0.07659924768672075,1.1935529544712624
3.967692358953201,49.64686798732171,0.6957116560519973,44.69003888635762
16.119914860306295,-14.708090136057848,0.005588803266461344,-13.24590927123409
11.795287028096102,-48.45055404054759,0.1595056929970166,-56.99693137259806
92.1730072687952,-42.235717702912524,0.7125081879186547,-85.31043204377417
90.77104086793692,-54.43320830950733,0.5982461591368167,-103.00220611401443
51.454202362845,-91.6804975863752,0.3043638281120497,-101.53585767472094
91.54852613355135,-88.03140343995017,0.7694656191785545,-184.31949833818078
84.33142984056249,47.22824358047944,0.5065562264162629,3.7518362081886
45.95097699821532,-17.92432067946426,0.7801829067307996,-52.64640434578607
2.169636323943158,-68.43851726514048,0.28744683294672313,-67.84500350352924
64.46129744794202,63.28013400593474,0.7391807871305656,15.29065666535407
26.156718853504167,34.50918600551779,0.06231223103795476,30.95488250510379
84.80165239459447,39.69833793664665,0.24323071652513326,20.29136021673696
80.87244666280566,30.830971602195177,0.45010723100937483,-6.219735929418983
90.2048518965199,88.9398069045636,0.5352874096870011,38.51476524815773
78.4912928357803,75.39850107559917,0.21183888422305266,45.604789692585435
61.73120223310443,-68.68558309696526,0.8647603671509719,-115.40206027516447
5.3484473178283976,-67.02009105452117,0.9063034655577558,-77.0354869195486
85.6521378380176,-23.936962164007,0.6180750429624201,-72.38494210585857
6.974089056892463,-76.37604092957515,0.9089220066095105,-75.83580475204543
69.93743819559127,-75.21883813838869,0.47506675696158,-118.87489997864245
66.41775253606716,-30.06546646616286,0.046501581814374957,-30.379808701525548
23.945402462763997,99.95315829271624,0.7557406094117731,78.98457317223335
1.517593299447284,-52.429725319837004,0.2978888264960319,-56.07112909597736
51.28085132771325,20.032911549847938,0.5220527319713792,-8.22373980957114
52.6866269199492,48.763061847990826,0.277410525141886,34.59918798872194
65.51188229984895,7.839472696350683,0.34083125240979883,-14.61784643623305
49.472251364362684,-94.67360630381887,0.921189681130791,-130.77862469042128
42.68008674194246,-75.74670690979073,0.277845400012734,-91.5205977411861
84.96327791296302,-13.335190878392325,0.0811911093822661,-21.719917546235642
13.094121265420068,-16.628325702933267,0.30384129180980685,-20.667774454243993
8.941274449940062,-16.51314779847455,0.03868082182220929,-15.172642584885326
70.66865254084183,-45.50939981214304,0.7003426724316041,-88.62352102455205
87.99029072071968,-31.930966061731667,0.7072898373135061,-105.03725668476656
21.02812931398843,18.081628577658023,0.6301657585534196,4.5475521020202505
92.52784389971866,-19.983646899472717,0.7587551357148058,-93.35007810941717
80.9813989099477,-59.83703168228702,0.5713197581183388,-108.14037102313048
33.31839062603926,-51.1530461535862,0.8360402626519815,-73.96492536427029
84.62085505190237,54.41261165034348,0.6679073863262037,-2.1112151002004556
21.310678667407423,76.35040184078969,0.7421179765096535,55.04021815091165
17.022745755329694,-25.965229358624754,0.5145336097876261,-31.95096880019304
0.7018421002801256,47.53692228402352,0.3758549280310173,43.6370200077422
56.2687790005168,-88.52972870357132,0.37300677484581124,-114.72046953118576
48.39432441159014,28.947832838670223,0.7051961113888023,-5.266622152861625
38.65826324445292,-95.6960205274659,0.0036046418669877698,-91.12616438005067
70.85399265974446,-26.14535151955903,0.3939438289579122,-49.324097421460166
62.79512097215717,-59.61396641481367,0.674291167763281,-115.52834918020167
89.44938946775142,-7.489805856019288,0.09268515376626732,-15.178928715966086
38.55261265232306,53.26410202388118,0.5670290095817867,33.178517049497316
94.80436450589737,-39.49047448783551,0.8367549391714848,-101.76102508463967
80.68447644884994,23.119477831845288,0.6947357413728555,-38.93808872940874
18.01854386878824,74.0379371115682,0.6198424648942518,75.37231825509105
23.542891108745824,-88.6191854660913,0.1819388127402516,-75.0103807791705
46.38365051485734,-49.76299883085189,0.25135895645574197,-70.52812445790312
32.10318807571896,71.41228762528766,0.07567364293354435,70.91640291074772
24.143607350234408,91.76611238520297,0.9788172482408829,68.76346516362722
10.576800127729612,36.47543231110657,0.1804355819218939,41.2949949732504
37.75326373197289,83.00138002210252,0.21340154628808466,80.79024239087602
14.818209099952107,-97.76192841363071,0.7162098513022725,-104.8049076654977
18.56483115162727,2.844989978651924,0.6700147126585645,-10.307932993865606
58.42358137487682,-61.20932546895397,0.7702361484560677,-117.45388205960094
19.44718108188913,78.40238792040418,0.30738752491054694,72.42157450568399
18.888916161604165,87.82381505506302,0.37456860803564007,75.72920165010069
48.81710865421165,-55.149606547564176,0.8307573710668604,-89.40207169708444
43.8587554654933,57.918389651982835,0.35539333791449107,46.737210969956614
21.729410345627155,-19.327116970895702,0.0065915045512417204,-19.04025253915224
13.672417846271633,-93.4686828322261,0.7712234002079192,-93.8944289393236
39.57982551859558,-10.333589844659514,0.34350915734730114,-28.79959488214154
19.34184672276391,97.8506380053669,0.4934397051693185,85.74307263198381
60.900815383791716,75.86085474396509,0.5669272841772546,41.4994122786006
97.37003814211748,-12.876341858244672,0.733563461185413,-83.38723831097805
82.24101083480852,58.13045487337911,0.48896400406141016,17.19979865383642
10.51557908371452,29.708958633518165,0.5172726632983469,24.66517449516505
17.55842553069823,89.66923688573576,0.7279308671702219,69.87344647101784
20.817140396061397,15.714909716516985,0.8064494922795016,-1.0384935661409325
92.30930227840402,55.07624537765662,0.05742709503119816,60.477531207112435
23.82478078446165,-50.230459713717934,0.2552450781376697,-59.361011195969716
98.28466802966756,-25.890440851529718,0.5235418227984725,-77.11981148993034
65.75238029544374,39.43728557798488,0.07636716516255972,37.78884349093534
53.746676835371076,-28.960858254096266,0.7527538024280594,-59.062017848122835
76.52803793137255,71.46569745944038,0.4696153987213468,39.84957859854763
44.99690305149579,25.58612026046218,0.6726543726771814,-4.556560476308252
33.61266805559633,-74.97539615563494,0.1922816140770786,-74.03577479967649
2.1301561315242856,38.224699903884414,0.6609761021574536,35.68493898064296
96.63767288520752,77.3351465727145,0.7835858274981544,1.3911624152211406
77.40995431334267,-34.33818241054681,0.7980349600499421,-100.1369869693416
85.60609264192138,39.69600075743679,0.4594585917987339,0.33131416041047873
35.78603972984658,-57.92440897331548,0.40368021004053384,-64.66624323864089
94.83957797436382,-19.840367351721582,0.7674399085067274,-99.20910815074289
10.127892554547058,74.7990196311531,0.9361009304521725,73.83772707041521
41.13025669796541,-57.45270150768847,0.867812249559798,-89.54974944086162
27.778992086901077,39.53489462040051,0.21724044375373944,31.821557634948803
9.854148473643697,79.1589734640207,0.7056694965010193,68.00068227061175
57.00286185579871,53.69972532435011,0.7366244383736974,10.754483452924372
28.63171328514055,-65.5677411388464,0.25456265487250473,-74.0860250658321
47.11713164156986,96.55580590838181,0.7047128160239141,70.87296096438097
55.195309870298516,76.86863099428766,0.8447237256136375,30.837199430177957
60.36573110945127,-99.71455771357279,0.6706627560339492,-145.27923204974093
49.1708442907175,45.69381770086511,0.022740752186879865,53.661731180055725
75.45384615226426,-16.82330311312552,0.107438658713429,-24.14017731816252
95.91722242988271,-53.997057668224336,0.4009283558400545,-97.53829118708195
51.247617112208175,-57.788980051492956,0.11257022384681672,-57.75243199540991
67.12210972297007,61.43596461136207,0.15191910112293855,53.79708617609338
24.905684889840487,-29.99011115664618,0.8430061000496494,-53.64296231782017
20.59950442252759,47.07483052383404,0.4756209612602347,40.39427996267403
62.367315129806336,20.43530624223264,0.6247005163790111,-16.33884566054182
41.42227681001105,44.323965913120475,0.6642574779361532,17.207707253514467
61.991957384474304,-36.396646031509825,0.3479044963146143,-55.68203385957067
70.51336396454649,-85.82070528434637,0.6932487561390824,-123.31842514861178
1.31230471417908,42.010629852659804,0.9442034066805003,35.20130419590625
16.320126506816912,-78.26695803082116,0.048106983394501125,-74.58298570658152
18.555338493083617,-97.24111702421536,0.21079632098021264,-127.08851526263143
46.30594451861075,70.88548057992688,0.328025039343356,55.18741145755012
12.765000579785058,65.98873718209728,0.04701748891374903,68.96956705378426
34.65939260937636,56.5870625356269,0.5478973959856526,40.66577489745779
96.02413521968869,-55.06098963685822,0.1813260028861426,-72.87387470772373
5.243532254279626,-44.74299164974147,0.8555813965730727,-46.13738415227818
77.93346146767428,-57.65142844916751,0.015523946261670815,-53.40869153067206
62.11248818837822,-5.943456516784735,0.49106308618071165,-36.22898746958792
57.62132502110365,-76.04945786207571,0.8752179028390947,-121.67506145339246
28.528766382300763,27.83986630338073,0.589677521348881,11.481410428042034
53.025877098727435,-66.45852214473062,0.09692422030946123,-84.16450072365039
44.549273917384625,-80.3258666920392,0.3370510844435706,-102.7048298563008
83.64298882932103,-14.505462024686324,0.07620333047674208,-20.775310191788176
58.43800081362227,-16.169057843736496,0.8696760948576412,-67.91012451514193
93.04734463547038,1.2865516871423495,0.7826472542512253,-63.972526682163306
3.7777052207512707,-57.21095134967962,0.2564457238519872,-61.656307491707686
66.09561942449595,55.861812071010746,0.9340269678931482,-5.9653788377181955
48.07657231930258,-47.08849338422929,0.9656204864982474,-79.65139913865679
67.67639507468164,-82.32909093513945,0.4913624353155875,-111.2286934632799
78.07175174670103,20.39708498793628,0.3429234553516796,-7.03599645581019
88.47787328330003,39.232512141807064,0.41409649571152957,2.6064730431670875
15.767444826229028,-3.7539856112007897,0.41761163327988393,-9.983590607289045
72.96774644706228,-87.57196429056617,0.5034845970426042,-110.54444953734475
76.73533071825607,33.7936218698168,0.9633893886969924,-38.07984895534967
61.673897472920494,45.10964789764134,0.3494971885026484,21.843961248173315
35.72135119825728,-17.39434729815177,0.521429192725621,-32.07270360278779
4.810827278612583,-50.48678244832705,0.8266222271100333,-51.091914373736856
86.33958918734993,-95.19485295246352,0.2136470747522429,-126.66057914406784
30.096317556002607,60.54330073681953,0.2555651610976197,56.78056017135235
69.59307688287667,67.8145133666446,0.5991878490387458,27.25061370139148
1.8477028875988233,81.12238827518746,0.7669146357583154,81.93735580506646
11.66892826320125,29.968782830960834,0.6251808128235323,21.750775484905176
65.9031726766932,36.098124441089794,0.23088507479145612,24.919709723993066
23.59704638579214,4.408885665881428,0.19834308857708616,-0.2702152633746765
55.530044967500125,-49.73860773174516,0.42522124153000557,-93.51647717132248
51.361729971615624,-57.16535070612847,0.6078569391367394,-99.27728094606121
50.52248314326649,-51.399468590167686,0.24985842512222947,-67.90860587338415
14.494406777435476,33.650951683581354,0.6469910972221855,23.46336710364769
41.950305265547804,-92.87282401684642,0.9546641337173557,-141.91326311185648
59.43566024169864,73.46019434500545,0.8585108343389788,23.242511523496816
59.97042030118664,73.76694849991466,0.14012280096039512,69.41903202646714
84.39313433315688,-38.84180994512065,0.3350747258491137,-65.98186220125517
56.992486497242986,-78.50492259108329,0.4735049000360955,-102.1961625849499
77.78210095738342,-49.480392920570914,0.659452277345567,-88.75452905827876
12.681279730948958,-70.09441748978386,0.5686873979839455,-69.01284366527749
82.69235250377638,-38.06793385033329,0.1965459309418228,-57.377148729345365
66.61498957416582,72.93754070455847,0.670787244304275,25.61915877122963
60.96221685480687,-1.9648830365123615,0.7347670619844935,-50.82993320558872
89.41188191711102,-69.76668892899372,0.251191030591252,-96.78183276072356
10.589993749695347,-14.16566137172282,0.8563925420381346,-20.094499034037987
78.49443438479162,-42.98894555799082,0.49341223696368663,-84.71703889303284
92.4707824401478,37.47040763865971,0.4830576783090882,-8.700403560534596
24.55176217221129,95.21935853494051,0.8143237422631561,77.0662765132055
18.876323186990362,-22.218360422448754,0.2670663461347178,-30.657212623490032
76.35369665064438,14.572224108812605,0.04876363751365936,12.825423051111489
89.42064653926373,9.106846798865192,0.5574565694565968,-41.81062178825652
13.639548958394087,71.00156250169661,0.4036600682678814,68.83334142555985
90.92533308504753,-30.747331831142873,0.4502725861321544,-74.82455556974058
33.67643232129973,32.98438538832343,0.3849685152979742,21.135174923493462
97.58203761084373,-42.65403979736959,0.8222538584208745,-131.91631981805145
6.329401178688887,27.566321448802867,0.47056456161589355,25.00369303940158
80.12863623549413,-40.40701625933168,0.5914650293283901,-93.8550569004231
43.82859473126266,-83.97196900634788,0.7751109526077787,-115.95807200600854
72.21994687536038,40.27707917965381,0.4231906570502141,10.306429327147153
70.74216998387705,89.23365012479621,0.35021727212945214,68.05068198323154
52.11903486818679,44.93605794611136,0.716500761888131,7.383741009751596
46.850898467660016,-36.75000589742754,0.42125515782606265,-56.236984096614954
34.93773829411077,33.681053538150024,0.4133642546578091,20.009876232749804
61.683745387848035,98.06355080827828,0.387724406887534,64.92424271898987
54.13785313291287,-89.65941973270155,0.8522600206206518,-140.16047006692406
88.60325336002371,7.1497300021646595,0.6490639157779493,-49.66427396607855
68.67570128629494,71.94942905303074,0.8050442748884957,17.89796348963391
78.0378025465776,-95.07348141317722,0.09838355999745453,-112.34116483410048
72.29489836980848,77.4897537007125,0.5795457587192342,38.04521743251923
49.433740687793644,-74.2062538726636,0.5596902365410138,-114.29525134284266
64.93555650114119,55.39421679082247,0.9417386837394149,-6.068888684220939
50.572994231109966,71.37964143612828,0.7006930930655394,33.40015341856454
14.410698806728773,-98.70828122961015,0.9234276003344775,-94.48863012455476
4.388726394400999,-62.86172363593803,0.1021411788009428,-63.39787895237215
55.5154117790555,83.20998521434427,0.8787813411429198,28.328258599924183
96.74273229988174,52.207740159247464,0.540805240978308,-0.12256932690317789
59.45894187379401,17.84861403312543,0.35714658609639355,-3.4798372050492863
48.560253370135776,-91.83040205662999,0.6015919289456362,-125.65858678496875
55.07545586900867,43.499878720877916,0.378542847638812,25.6098825534006
81.25931340210522,6.958394455882072,0.5769398424009916,-39.578905133928345
30.4207420265465,-8.569822559892003,0.12494928645612939,-12.433393279221718
78.72956663656699,41.98431493605523,0.7869634533210657,-17.65118044756071
82.65220295062188,89.36190217079931,0.3699625124464931,66.00055490589047
21.385104037433077,32.87552848220042,0.7200586694211439,19.887773420428807
18.151528394191264,-50.15875016817317,0.2400663876429654,-58.78752530098778
93.80485694353314,-85.9388166457615,0.19318066346386084,-120.8370166402908
27.795726082891502,71.13402118009137,0.9016233877850822,45.417315045810085
55.75451901444409,78.35239569331901,0.36723310729289615,58.913088289954224
21.0136957667139,93.84204592353993,0.0033310041785135046,86.96857694723802
89.59740683563085,20.509356264529814,0.44969465610270076,-19.761361069073292
65.13108264284104,71.40910754643633,0.4199985379768955,43.449125280613345
4.566893560594265,40.91144298753079,0.039229742440232536,37.18154467393227
99.91717111916172,52.32589223555132,0.7619219974717502,-20.668156631403473
12.264922645888587,-31.23566576980552,0.34872494872297466,-38.20620804245767
56.87630544766918,84.62687921684699,0.6314286152109965,53.295288870615884
29.792026468496957,-10.191114295886365,0.0691051142724082,-10.858549351929664
28.96490057830501,-22.846166085372417,0.2792928512617018,-36.725407996857584
89.51881695718588,95.33782476055441,0.9100741474007925,12.595327487517956
30.66376546327929,11.81539212689961,0.8470643991527885,-16.17377982305227
21.124021448072394,31.212339855581405,0.697841447925399,14.891009781023508
25.087102025293017,22.342909883012467,0.5151395741762166,11.09819683713536
77.54010116397629,-78.66171308405016,0.3979497017094907,-115.80737844010304
70.86395849593175,-82.95789391558634,0.2433374231470355,-94.02135952976029
96.494606588411,-94.09693725188639,0.4590702225297265,-168.90757059211063
73.64992224628521,67.66790053248712,0.8222130961179722,7.33317618267325
94.54310791161666,36.74648402377619,0.9240515966283882,-44.98051890114871
30.68401784592303,-54.73678579903476,0.2562910625763508,-54.92993631295144
52.706868072442205,-12.208789625763089,0.17184155914185958,-14.95304708517797
53.28227803135685,54.247805240403466,0.24507635227202518,38.00549595929845
98.90139244722653,-48.618220407394716,0.5908524789366139,-108.34241396026135
60.05797176711951,-52.86178456399817,0.7966815380861609,-96.57462734902958
10.067468692463377,-50.6328483901759,0.1989744638578033,-54.93315070484493
92.93534728297635,-92.10624840440609,0.08126877510635645,-90.79215574998234
31.22693379391961,-46.98947192628191,0.9742274947562287,-88.58792000916496
76.71205387262668,-13.38145735255209,0.6053710965715929,-59.009716972370654
11.278956766794678,-86.04710916328257,0.8605045571586878,-95.69697029022396
28.03368778288098,93.59817710707648,0.41613369180629795,91.77942768300174
29.986789596531615,-94.80649344531284,0.4351923030116222,-109.80704856391525
47.22562654069527,29.521295335138262,0.3545376598191492,13.069250904169484
58.536453814347276,-24.75680603201225,0.7892136099859122,-64.05436884539957
7.16519286312296,-51.50972276536614,0.710223671160517,-55.03328144940849
75.21074655422194,-39.529423623256285,0.13602011184027124,-45.5537955266935
38.79701468111219,38.766495926070036,0.9780157135952741,0.8332492046818503
19.573528586334476,15.601635700658207,0.886101560841894,-1.3277033611000402
5.390748348092778,-26.21205922541914,0.9417474720673595,-35.32644891989064
71.37163414316285,-72.71417628358611,0.2526174662645081,-83.81905892879675
12.391215823983659,-10.460235180126304,0.42965654949735604,-15.061365742073432
43.75107315006852,-17.72773539268664,0.03246134641620508,-19.728021982122225
22.8285757837147,-49.239019742685564,0.09635293699644394,-48.33849212447868
74.40198266113332,26.321034346779285,0.8489687472615226,-32.86145712142557
99.41071235630503,-6.799234596577691,0.3710428489659137,-43.63837285002056
55.415797429156285,-37.03294305616236,0.954230384710876,-95.38274307017302
3.2948897491220874,-76.57805993291365,0.780450452734706,-79.69266178455182
44.85629496666913,4.670177240530535,0.25192175599571204,-6.51644143133468
41.72270329721685,29.750521529322327,0.6721322530614283,1.8244075640904618
79.34028853630859,9.162312946918235,0.7372119024255853,-43.817864173047
18.430172145746802,-82.42132947856442,0.0217073930069556,-79.70019948749534
50.23518234051204,11.939181770493363,0.9440787183422346,-37.05016923584141
6.3623122560984235,-87.04655968758317,0.1768203717371421,-85.46458758402413
31.402379895755207,-31.031109317273447,0.5969141243075099,-50.276599763622706
39.63582997237825,-5.382467490922352,0.4571129776080308,-21.95665935285131
50.24104522349527,86.06159807466435,0.915692005729341,41.804762712844074
38.123170534213216,-40.031134041554786,0.10409532540787728,-46.80967759418512
32.064766790971824,-2.8260543927043784,0.349272575319444,-15.69052383637978
19.349690218619543,80.4914957114556,0.7621131860992685,72.95847253897621
65.30023802305848,-11.625772795475882,0.7471424079692982,-69.41913703407774
9.89208563138918,-51.54953213131932,0.7771265186911831,-59.28971771156634
18.5603592874637,-78.19212385977553,0.3668210673720705,-94.85596336389128
78.29138940728012,46.46498737069422,0.33005607138901727,20.48814525807284
37.6856613742206,-12.09874995439452,0.7298591095596032,-45.99942369630738
98.69915603988748,39.325524810252205,0.19427695297646463,21.636601767951404
79.90070284939706,-66.70770475024156,0.12801576734858544,-77.29229294455274
17.401679440656693,-72.27050281125172,0.7719482738183017,-90.6227314151457
54.72369375473042,-61.774049202757396,0.5413737919141166,-73.89083491869636
24.802599549236536,-64.28227131846376,0.5565747412814332,-81.86513122103662
27.781341020733976,17.74488915951018,0.4300395240048263,6.31660930021259
41.84844774275274,-65.48474384736735,0.6373292722346745,-81.665517869326
34.08409430642998,37.949235610196155,0.23592023194764594,30.74981033990829
4.111479576834509,-48.01915588641166,0.3104161721622399,-46.95017503535676
39.560434808209834,24.290523679986194,0.6087878237747262,0.24028103227033473
71.98310919290833,-59.376244456841846,0.21863234688324243,-75.11299138793515
52.27507527561321,65.87125484352958,0.9394818050280628,16.725967946618034
42.93529707398438,30.564324935259094,0.7535187100553312,-1.5872301682953978
34.23683208152951,12.927971023090151,0.049932180415355444,9.587891376347091
5.426084869759206,-7.629073046847765,0.6304237037689598,-8.790063745358502
12.820577143825185,49.93131133375442,0.9108843044393072,36.10049785655598
49.63389274020028,-17.090142859836902,0.1498623388836771,-28.64928124159468
68.58752033430777,-83.31126118385485,0.4326956012026613,-97.62524033391108
65.34066022369987,-94.36753749864484,0.4054795307313544,-103.14964335763894
55.57423756544162,-50.122934477272565,0.8536112229479574,-109.17930627446931
89.45632001125922,-94.56622174846858,0.3714255083257963,-135.04257316103093
8.116737858768087,-60.73802721422892,0.7938396464948756,-65.51497684857202
19.178899894724523,8.830076208958346,0.7556061386274935,-5.4670725233140445
72.94122369784655,0.7060871985781034,0.5493688952419847,-39.26641287340318
91.12791953625077,20.74925514934006,0.12831574910335353,8.430362752759407
58.66125840888247,-4.801323221491089,0.44581283392469495,-33.8721622822064
52.58618571686845,-76.4497103075007,0.8413073192103355,-128.62766038368576
51.24804343187147,48.15810486501488,0.6498627979814215,14.458029996856965
0.0814637930525941,-61.81855194488273,0.7667529158405232,-58.38803653615901
56.766749749681885,-78.40754583597777,0.27548952221875755,-78.67497289958493
63.391984417131134,11.728189765941394,0.6673480909352262,-31.60932577127183
35.02915027962265,30.478422958908197,0.9517850831867302,-2.7089907746520314
94.1855359275534,57.88317022487914,0.10665203630093832,47.44321906974717
18.44605774501623,38.90240023330395,0.9011090290863103,20.102226000024995
85.68980440055233,99.34452491372133,0.9843181221163336,15.11511553082987
25.4424185108437,-53.07260162696765,0.2527214196531037,-58.905618213084914
63.187617283990214,-58.56308453787615,0.948871944020856,-124.10440577876467
2.1586828782109158,46.15224749734611,0.5447801199328001,43.48563925398304
74.73632437090106,28.543616375156887,0.5234272105305771,-10.376787894080122
72.96085046085423,86.48354776810518,0.8710393324867843,23.801627859778172
55.105550605221175,6.683693031366914,0.5945249142481845,-25.576666261981135
44.053183426000864,30.089715225722927,0.07152355144719505,21.07735563824638
44.570132585151015,-64.15479773205637,0.06179768171104105,-59.6168767224679
50.44509140236653,5.4832206927648315,0.25532177206697665,-7.242530719229586
34.84275717654482,-41.60909624239255,0.8429868777366522,-63.68642537027215
32.646431877922396,65.73262926175437,0.8082406166950339,40.494130804253466
45.51060586505024,94.00839206611869,0.20257604934241383,81.15922076558303
16.618765459572693,47.678227912919965,0.16460315826503694,45.22163982888873
55.810544279844656,-31.945816955799145,0.5821885524022338,-68.73840422278586
3.0049357632741636,-72.0301507945218,0.0913559399540622,-83.81632292763823
54.044779176805804,-64.57530742021189,0.4703742789309681,-89.23355131918606
40.219044371359516,92.058092148349,0.8606569895989519,58.592979451582245
10.67604868372184,-41.10298106635808,0.8628537569139961,-44.10794081271264
78.5280677741786,-59.62317269444743,0.918913065064753,-150.49756228435126
6.891838669537941,-20.042132428030186,0.46549085152457365,-22.66627981483793
62.060321616255166,-15.008343711857307,0.6666848980599024,-54.47968683331214
53.850339640558644,-45.951976636152025,0.21097358936557808,-59.89465803738583
1.0964996411867434,-66.44664643029998,0.8154613016458574,-67.07273000250855
18.227802523937463,26.669113063963664,0.023350020759663692,28.486817245229616
28.15675387275419,-87.53222144673802,0.49081816332625094,-94.95081359177422
7.914329930734176,-68.48220557846325,0.46428307698285065,-75.7689289254684
37.470429168797494,-7.79176271547712,0.19097071214671224,-14.98250515328463
25.698711492764836,-73.06972367114892,0.5231972790975589,-87.69523394126234
82.14770702391148,71.25967015954959,0.8358920008640078,2.9111707927191617
66.76141692263062,-21.466311897188774,0.967895104364155,-89.65623522937489
31.585191529103707,-16.860655744578068,0.0005170897787745643,-14.378996028414486
61.15253177918299,-47.855852853368106,0.9213533750210953,-118.29123590793978
44.84197274569799,-26.120712140399036,0.6241293113015293,-55.63113101605903
12.047413856486278,1.999957131729829,0.38753753226772775,-2.686654423263882
72.56334081470898,-54.07876837658429,0.5103078655321205,-95.37969770971756
82.84250715288638,-10.571012856207432,0.7254339784870932,-79.0885597384131
10.534158036252784,-68.90728252786285,0.6435617733075258,-69.4749358232025
26.163535688284888,-22.82904561282311,0.828034236173366,-39.68846586816429
36.14315175921751,34.58099197800527,0.5432907996528614,13.85483528130889
86.17887904109897,6.085214675574406,0.2685961763447313,-13.714403514530195
63.63607079284247,-10.371888127753778,0.7475754301651331,-66.2351783837647
59.74977040539361,30.511437470515517,0.040579214874810206,22.92076449503611
29.23749993968926,18.025921612011814,0.5793979258408023,0.9080017898128085
84.3772687193346,-64.29349121495738,0.5264422549538729,-114.70910335587425
99.26623213669401,51.013873372083424,0.5716848476517725,-6.013408834444661
5.172959639486452,27.52168769419592,0.9675458441033853,22.749959642553815
76.84416018343117,-56.31523640591403,0.8835744442440743,-108.65433585996807
3.580366582304906,-16.940116443368765,0.40904275215131586,-17.044078529869587
37.34121389203652,-28.775976683127993,0.3733061134759816,-39.06380194945601
0.5369497574715942,29.67518793804939,0.09061257780833573,25.96537872146107
71.05978337862706,-49.39889171132512,0.5447525991014067,-79.60034700188596
9.853357221872583,94.91579417214979,0.7620454244226218,86.65916119555034
82.92981079788254,60.59446528325745,0.0828651448546274,54.01769463338042
51.380280737169,98.98325959370743,0.6028164004277622,77.59755352855531
42.47829843924307,92.99975910815928,0.9727088822632589,48.40788242502669
13.9974626486695,21.260943798258353,0.1697854355741647,18.543211117032026
83.88275309214326,12.03957128548005,0.4902378206335135,-31.69971362542336
49.05774843920897,-60.039814904481844,0.0816872878293974,-52.683554144382036
84.6048228744628,21.666652197567558,0.36648361245076433,-8.168836563824925
90.80472224570768,1.9546985356489301,0.26060052290477964,-22.619447179610237
22.016580348751667,78.4208163572005,0.3656984711626125,69.44185524737645
38.95473367208855,-61.56054231948524,0.8230575109532596,-91.75874791965542
17.301578333449296,74.6363146947426,0.4478454076477685,65.79150751029454
58.45435715208613,-15.450571575317156,0.45549231542260554,-42.51899380143498
43.02176948372123,-13.527036735442493,0.2311139256948806,-21.491909446937278
30.791408903042093,-54.52605138068927,0.7084085605266432,-73.8925879344631
13.680162523909633,59.07183301024418,0.3419516817664977,55.61700120160956
72.28137447174375,-41.46383298524909,0.8423408979490832,-103.80818553204243
58.59638712316384,-33.75918406348511,0.0017247486782143774,-36.77667322600051
68.48631303454802,38.466239197654005,0.12780427833564661,33.371658261607074
82.86351677962851,0.2945066150927005,0.6979562395141078,-56.3917199782777
5.746863058052865,-40.70719937203198,0.41656871935324985,-38.977150527156766
46.034773479800236,-58.981780726081844,0.8413861500769695,-106.1465679109146
58.080435121445205,38.73653773075574,0.9283159779382344,-13.351509397850894
5.078566831290788,-24.706167993659506,0.7914518633036028,-26.034919546682914
45.325617321215375,23.160393175587913,0.05801438298585968,22.740772826692826
5.936586895268525,12.034610458973276,0.1217800961166822,11.552779342763245
56.16088629088648,-39.40071327060111,0.6019323809503777,-67.30129492044334
14.647597586153505,-70.12300211648655,0.6212212796601374,-91.93969176075224
67.84342121742321,-67.8365163124787,0.8865348197838419,-169.23513829564257
67.5250191225969,-5.516400114502673,0.5722808156468051,-48.90692860772362
86.8097329898376,25.8064024995643,0.4741125936884954,-16.4565508374515
39.30074217892755,52.21320607271406,0.6940896494538901,25.81404545567696
78.60728418408117,90.81559993077784,0.29404971034223604,72.10645698214833
77.88581363382835,-91.72683657377232,0.372248156571775,-110.24050379685544
86.396197388645,-93.90885225190011,0.4436198167130544,-157.78645442749797
62.06017746054996,80.65116270618435,0.6313822235797883,37.54389231621068
25.340544996913906,4.200945764615938,0.20598482340864702,-0.9058920550122586
61.641109393387815,44.53100036335255,0.3595903999849204,19.052190167761413
0.5857469304936247,-56.849020044040046,0.9012606782348492,-57.618807686370076
1.0498496457798878,-5.085356974348514,0.7223828245507452,-6.206374386109555
42.989371266475864,-49.81111504181563,0.20337158761441237,-56.24571293057539
43.727719968362464,-36.698627857802755,0.7019086390565056,-69.21174884042047
39.180211519252616,-66.50948628258561,0.05171157039937872,-69.79925929992388
88.299338225094,-86.89468958906575,0.15964701546909066,-108.67426340391404
40.42317443678098,99.2541229946722,0.5182161852124583,83.36829719277978
25.92798195636754,-9.91810596992812,0.20042922378549388,-14.82187826750626
94.99359817719925,-58.20733928592894,0.5969098059139396,-102.12032410810342
38.85499287712233,-10.603567131191511,0.37969495590974434,-21.589234321323758
39.38627685513077,-23.616319950726464,0.6861623494272421,-53.965199155396505
57.725666236814064,84.29685432369698,0.3372327275954105,76.97837012677675
47.77310134932531,-39.834380585486514,0.03970612292462179,-47.125007034575596
79.654527721135,49.56558260800651,0.146450667957276,36.54826589828979
23.814356868881248,-28.929627388252953,0.8648852826748104,-50.27898658018753
80.18069409252134,-66.03533868792033,0.3535816859394827,-91.02932846105843
72.0034024141724,-44.40124325635602,0.4222765829929679,-77.94953742285287
74.76621580688398,-37.6885497696903,0.679181366236116,-82.0399650952001
60.69098457890432,46.89323378084816,0.9395466324121721,-10.452711596827701
67.55982810944607,74.15063625521944,0.8000069512205852,19.58071267941003
18.103669790793152,-55.669453011715575,0.5780014055687999,-61.92867666492152
52.030346112969674,-34.593345510553036,0.6513992937643966,-79.35847928380912
14.63535692661171,20.180971701489696,0.6786123409083054,12.782707894860234
23.35062297848378,57.01620755519937,0.5648566951709685,42.02396798804801
40.391011185787725,42.70754814569406,0.09412165764619616,42.64513780622999
44.41821142851642,72.66779040990639,0.8372514400444476,40.522016554336346
26.003655213051502,47.72117143850261,0.8785293559625754,22.228304578929183
70.42934750714004,-52.14167144374788,0.02936158453188598,-54.968345805840485
58.69894377068435,-97.06849103246866,0.5860623222974343,-147.669094031014
39.41591507951574,46.856115007877804,0.5947745466687848,23.563462518863844
98.09174698980368,-58.52070223567125,0.03519577236264771,-52.28447612537262
63.43909942874125,99.96029899172373,0.0309155458561167,91.60854458182163
18.149374057148925,-4.621559140493687,0.8169568478817459,-19.828481314719596
99.85442577408506,26.5162294687548,0.2788077070130496,-1.385134751948163
70.43374990867945,80.88971947381569,0.31655997704748956,60.03970309713324
55.192688038334836,-52.39001026681844,0.04584633906783569,-50.10020896578701
32.43216752444423,-75.45275633287574,0.5313680770142208,-90.41296835844359
70.47449481433532,-86.02508903991675,0.21339235097875012,-107.59634182340646
70.259927280068,31.673897244928753,0.3467861652785936,7.831622112763441
71.23037034692905,63.663751985289935,0.8326486358161355,4.278553726152276
79.27280547319265,35.27666679814209,0.46832149539085155,-1.8918493042553233
41.60618845550682,84.99294484515988,0.2511903251672113,79.55171921496985
42.20029930543648,9.658227577147898,0.8130900023111926,-24.117828595686934
11.519464810763157,89.2945505328918,0.17582320825270079,82.67579223698976
47.754800233714214,-81.56464627515909,0.4127182497342005,-82.24137255919726
84.10869455109665,-69.27202255098948,0.6668365007304731,-140.5436442543778
33.664455466361744,44.1008958318306,0.6379879688883077,21.167740948904225
99.06478133045775,48.20185112777358,0.4999044695248499,-1.3293961168515325
6.778650621159443,85.23781609786772,0.6910790769104581,77.05088003234266
49.21768509791534,-87.6038760811221,0.7101359244013388,-113.71951836656754
74.84620968186971,-26.770060757273328,0.2837417830678954,-44.99780521661724
57.81547132785847,83.00520942814163,0.16091084701200709,77.2206586059939
34.56782298114932,-41.84166802102147,0.5781772418605386,-65.68502300242059
76.99131132945134,-1.7803538018036988,0.9244436147830011,-71.71948898553856
25.9484241771064,59.985922144911456,0.26367121451807823,51.525257769672216
75.93548468746137,25.034832618136164,0.2206252185923852,7.422632674919927
48.489440216576185,49.063281468244526,0.6013679914267615,22.178423588812187
91.88050069424246,-59.94864167620333,0.7877614120425188,-120.37305272289197
25.364012199586504,-96.14334895106947,0.20517348249302825,-91.6971946718744
65.403050544992,10.130085414438511,0.6506925124234745,-34.99862747031871
85.98831466498306,-74.12451539365125,0.5110028281865736,-99.82638572837206
21.661676728879996,14.210905867694578,0.11848734721958168,13.001653181940462
81.15326894400945,-4.467486682767571,0.8218622695307524,-67.74757458547019
54.797891915251164,69.93935292544998,0.5282098608654665,38.99759720534351
32.42105175970546,-87.61245301156661,0.2905199056654809,-93.08968117981439
81.77633506617146,58.61183704395603,0.6998708003424806,1.4764123983840165
31.565261767395135,98.82853666039261,0.8609309388814262,77.88383516298215
92.91098668484032,24.641955947064915,0.720761474953543,-35.765645774882024
81.54277746122473,25.670430304938137,0.6657862179943393,-27.51738211189876
22.264902476014502,72.28312146919819,0.8380685230707561,60.48199735323283
41.22713916220584,-22.226281484062497,0.5067844376899074,-39.7534792076253
55.41994780407913,85.68808851099351,0.7501576410556771,42.88248242544771
93.81009773281828,-58.951310909505764,0.101288231113729,-78.34712285289108
8.554444462560662,-19.08594377232582,0.38490920076652185,-22.70230960236485
25.26172590486021,-5.635416100584706,0.9883518323146276,-29.267615073211076
15.56174018670763,-55.02157478960679,0.21902191560829595,-66.97827163588775
74.13990704256247,22.0778341016278,0.5388946553904143,-18.290721918005783
70.1682138034961,44.199121735496476,0.5745489632737326,3.9118339329215743
79.37893212757007,86.74498699816132,0.0989138742528401,72.93604203668454
1.4273075665896418,61.77694753464138,0.5574279627053828,53.743131860374746
20.628610673283433,91.01300265624081,0.7362105462916795,63.3859421242441
49.368271701199475,-48.23867885263584,0.3018309868557391,-53.45897107399156
77.70175812263412,-16.416298067566174,0.5817103365177284,-73.5526890297854
23.661145730846446,-97.9293204222688,0.5591059467074856,-97.13328405861147
98.03435183854663,-67.81176401966316,0.3827451180662628,-111.70378105247009
97.2334661061407,99.2498491912101,0.8668318434269257,14.387220376409783
54.23639941605752,-92.4575122043527,0.7969835154651241,-144.13031865348086
28.73689108498635,-23.541752631068363,0.9746316105797274,-54.77152942776691
4.752773389118703,46.43752170033545,0.8821751909482838,42.97110400455914
94.33763769594806,38.8447707764542,0.42924581053836075,-1.7013989527070632
14.271106631132557,86.98729335907788,0.6878592070732551,72.4388076974455
52.423826063371806,-5.207914225573674,0.988401108750091,-63.38835132554359
93.90741471268399,-61.739686244325085,0.7097256992445786,-135.32888664815798
31.737785505433536,74.9209135391176,0.6181059439338047,48.670449453580666
75.14713173148292,53.54924705125828,0.7730554596551328,-5.049599107927638
95.42146617633601,35.014024991395615,0.9546869876340704,-52.24484412687962
13.03368010315501,-4.032449216417149,0.732122659494181,-11.531736047932604
46.73845259779776,-19.652508946286915,0.8688498939305563,-57.54039093141506
8.785697869276198,-91.5968255115021,0.0053529112773017685,-99.82924255710122
31.570218037448562,-84.3803191785014,0.8605726429588936,-93.05973019584731
86.21592262806082,34.892610889556465,0.6717800125620308,-23.651637065551824
93.82335596318133,81.8644453724157,0.3185861651484371,43.12134591358842
80.1131450002422,-85.51047248831676,0.2547696133930004,-121.06233129111305
20.616896247066897,34.57203526158091,0.9639408180192408,16.943188928895026
41.00143805970035,-12.338325393776557,0.8527006257522517,-45.350022401718356
15.849328780444393,-24.77698624388593,0.5133492169764241,-38.57041037364483
86.37110579436956,36.89339231048777,0.5293856037245537,-8.523793140274824
71.30748805742954,28.071753796494477,0.8904156114820387,-36.439766818610515
16.584907359923882,-81.18812152083771,0.28917048808441664,-83.0987799640483
0.02565844653514837,-97.46691449988008,0.6192515049586389,-89.42072382450868
10.725265970524378,72.61442998466538,0.5575299500130433,65.49270859786273
85.64539380033129,-43.578661779102745,0.21768045132333932,-61.665601705287614
61.87858857287497,15.767887082303545,0.6258960175252157,-19.703032376274056
93.0272174759852,52.22642753630589,0.25573815229736785,27.637499902673564
88.89385340094873,-60.90965627787368,0.8819399620547527,-148.2104425518887
16.15056588549303,11.745502000352587,0.5023164513846072,3.7917538793779513
8.431599304534654,46.69773042750987,0.32133451815059955,40.13686819482649
65.74604201214794,97.60895024801601,0.3926725352262455,57.50151503085307
71.9640775315978,-1.7873570775858099,0.7449565495629332,-56.90626832910065
77.13563127420345,30.44267110496054,0.7629681072909897,-28.205867796326036
53.781222071503706,73.49991555153869,0.3870525255836464,57.6378255917106
44.29786283354733,-74.5193075324014,0.8819733714091446,-111.02710260985235
48.423242244396214,-48.14302122987475,0.2130899488760681,-64.63285358957386
78.47428165059223,29.943077030909905,0.77050761797149,-32.30788260060285
29.162854244187177,26.929880218854052,0.5975415079216247,7.458298765503325
57.45193510469456,-15.400725831735215,0.138869046481323,-21.489981464504925
63.516894468292264,-49.72103663324283,0.22739444204104214,-65.7620250808868
16.263352961282884,-28.307424449472762,0.6488221456659492,-40.14860949929872
58.04013515589843,-41.07587665683321,0.5433857455368191,-59.129138755683876
61.99539244006309,13.502193038997135,0.6152913705424033,-23.131910348455065
18.881143923067,-6.766788271757889,0.39032719193129145,-13.01579043309177
14.180268906671689,25.62510730360013,0.6267396835354805,15.119702671674508
53.70571455708322,58.65060364129323,0.7460597022426365,19.230434781288547
15.469953418699856,-14.042564141567723,0.04240194765358901,-15.812200616028731
68.24971219815677,-80.88699471708385,0.7937359812236743,-137.04023687939187
76.21233295839336,51.79029743707906,0.7748787880499287,-7.185843991392642
75.75095960231205,53.1601519325871,0.6068450082090387,7.276651410084936
34.32784137140577,-25.060063846531392,0.2861558488979727,-35.34789135950483
90.38344058427904,54.90091358983767,0.585583656765164,2.415096068863061
17.56527695562967,-62.09100707626545,0.9544834271578864,-80.35211057533719
87.10763602273781,87.13360449804571,0.8485854438246812,8.613619742312245
35.89252956555759,-53.06804566624257,0.7666772900783672,-81.34046077323757
19.98856137427688,-28.54364953929492,0.5024333293047504,-39.08507407910291
48.19598823865133,57.348682004418976,0.09952333806861065,54.41046066564605
78.27537011947095,-64.35463704181059,0.015938421426859486,-63.61220951024142
24.76630378224408,93.39896786066714,0.7954768256588792,71.54544968411308
28.00195680117017,-0.24379590881615343,0.6781248477123561,-14.791838013517427
39.70973331160052,27.22719583539137,0.3842035291086862,12.02417772381818
25.21452236803764,-0.5648884684328266,0.12964451806718402,-3.843936013537582
56.66237986714373,64.74698874207814,0.6250057362261261,35.14899196075433
54.43273106757487,1.6517736899822353,0.3116790054422297,-13.735420239027182
78.91531584612362,-99.91883922088378,0.7189127270125006,-158.96014268855615
72.4794981568386,77.1356015556525,0.7786752440415764,19.808427794634717
92.6929587258941,-7.124920030975062,0.039362093331899,-9.978758604593924
0.3902379558190727,-62.537193223984254,0.3760724064090788,-77.9880721062685
45.96213211855596,-19.436695256191783,0.31730115519828916,-30.035311041938897
15.7742299773734,10.441589139882495,0.29443254508635197,5.8953412584790374
39.070095322305086,76.6283999763777,0.5829875538677437,52.44467863761433
95.21632206478161,-51.61512540287827,0.3612184364790787,-80.96740721378823
44.912068689425745,60.1561783782966,0.28541814339635957,51.22423487244225
83.97357120383019,66.24925198791095,0.2975743344944238,42.14895361367287
53.011234870303966,41.09287704265236,0.31864509787534423,17.695649059111854
43.472123971414135,59.42343800582478,0.8867410453701697,22.323716037153662
48.339615690099215,-19.736385296103336,0.816762997730749,-69.47283794909801
77.87413823011804,-41.83866467409776,0.7589908787029648,-95.26441231613896
81.62818551308018,-31.028440693914348,0.06522664909348914,-34.2369678115562
22.582263778740185,54.133145718968564,0.2921361450910606,44.33469591393606
41.43055517843904,15.09775655157138,0.040985200706889456,13.104438602536883
97.94377794198495,-73.93083205136135,0.6846659936867242,-119.09073462070218
2.4302274513304134,-50.50378903372889,0.8777100232208064,-56.12487709569935
29.127583294670057,-51.82576215737959,0.1338088005935057,-50.70993492704578
56.8582033212622,-10.178644011183223,0.06963743152346993,-13.917425682645126
86.615400661869,26.538172187673624,0.6419940479261983,-23.572151423926034
72.31549696073947,-71.92684000333799,0.055667596677087296,-73.77924468213085
85.23811749402388,11.04159886298477,0.8938356361981776,-64.62785715274306
98.60523634727325,35.33351782633355,0.14106741296828826,22.739129363248747
13.90684072604601,-64.61224573302448,0.7526794073104442,-83.13107402627544
16.951281024306475,55.69419306193143,0.31722111482917453,48.796144086447654
68.74164474431682,-58.008672657105386,0.7376094863172707,-113.55238100831983
26.7977809528547,83.92315262845102,0.13551245941290416,86.89295861460529
87.27770993947188,45.17143662397635,0.4965447644298241,2.125229611120186
51.60839919584617,69.1890279400549,0.5678347956120198,34.935210332168275
15.724463877890216,28.928271820816576,0.9501747128540472,14.175759894399564
10.921466005847192,-45.89622002700071,0.5095763127434932,-59.54889056774237
60.57394957201393,19.247881517468883,0.8933222949471455,-29.796977526287293
55.83718923902774,-0.8525979473779302,0.2616046654180895,-15.534479871595286
11.187696868007945,-83.55926487638268,0.029109249792458658,-84.54393815214702
37.7783968098492,-82.44851477157857,0.29637550115112243,-101.67648105088828
51.579053165410784,13.741103704013284,0.6144214165256763,-18.231797485282467
57.69741365725288,71.60700884710053,0.48550119724227453,39.747549809820875
77.03719667346067,-69.93421814219943,0.47898784513086273,-92.26080396750633
91.14674779804993,-78.26675155584009,0.1989363661886687,-86.42303528475608
90.85792654935786,43.820060736777975,0.44389180725302874,3.897300415893072
49.54286116467984,81.78885177190779,0.43470223100910654,61.8099023247202
23.501273919576317,-60.283394780483505,0.05508516744988286,-56.64673200132519
31.586693564066927,-54.30313167571808,0.2107966147925241,-49.81225518202071
39.70088843329251,-75.5615430606008,0.18796421872138716,-83.96449523490564
90.58676843937063,35.48733078031171,0.032263862785848356,29.233754806446022
60.08174544876638,-64.49608546666126,0.16829556262881917,-65.99477249122302
84.70707667217313,29.336566336001113,0.9550590509045284,-52.891508816387095
28.60272902255567,-2.847269378051294,0.6662163818351757,-21.556701957989517
61.97848288481147,-36.20356646546692,0.5013286255472729,-64.55395046977542
66.11098208701416,-78.09800437995412,0.9402761031072892,-127.936694880893
32.37438581009589,-87.63125622190316,0.8876965523975917,-105.5655783574892
8.86791563344389,76.29774890518604,0.5410036996302151,72.86221727282455
64.91386102321847,77.68070662044931,0.8543770913562312,21.425703329708593
68.31092931664115,-47.34058846456974,0.6216180264366826,-89.99266340945536
30.631928118258667,82.82185886402712,0.17377393082833106,70.34889401547618
75.82965726670314,20.607612971794367,0.03384547321481033,18.47732176692676
98.19708896504487,52.649061216732804,0.7694836566692089,-21.5499479163114
23.43806535598284,-97.63029228442886,0.8783088336758648,-110.67703646883092
67.4432572221539,9.829017174246218,0.844595997555701,-37.14463449850341
66.8142783346006,82.0680455758413,0.06310737440881907,73.59992949120597
18.215109137226204,-99.77783020383453,0.0013375092822367086,-106.15512908914143
56.97010208857392,89.42152529883072,0.49748270649680704,60.57978868484713
81.09254158421886,-29.996630008149737,0.5147788394688911,-74.43331356494866
7.507206350251594,45.58744254389663,0.5104188537989296,41.199371906718916
88.7656114514311,-32.2851700197635,0.6026584169053798,-80.20742754342137
98.93231903320343,65.11120226049033,0.16464419399918417,50.39438225708938
25.768525638517904,68.20636159302254,0.06526572237351125,68.9043772706095
1.8920284560504097,-52.29399172274245,0.5884437955924151,-52.5138317480634
26.839399001595265,-28.23623580491021,0.41953191229289954,-42.52168654111026
23.64582891136584,1.8674628359018612,0.3670943872062413,-6.642720195638054
84.66727531474866,83.67265732138333,0.41321110667532585,48.270722492763916
53.73402028627442,20.164445228679256,0.9040804518527863,-25.151989922154176
24.83635439213837,63.416224839513404,0.6859392726497757,44.606068825420294
47.62399882293901,96.54855595615768,0.504177821485978,74.50107027169803
91.36224624480262,7.283938333521348,0.14273178461071773,-5.699351595494728
92.19791063242454,-37.78969970250945,0.41152120354582,-79.37700044697405
66.7355134660763,-9.439847127949562,0.17571322782874366,-18.91373565659915
7.511619566476346,68.52386402056604,0.6373940658335501,68.16958431433375
72.00092418243315,17.982929676126048,0.4773102475537763,-14.593786715403118
42.620115031383776,-86.79593574870891,0.8793476952414796,-126.48771847340221
4.315929945789188,-41.72015176347132,0.3536029148269881,-43.9807921274972
26.395817262786146,-50.62238020496124,0.5398974066515303,-57.53137353491879
30.476418898433476,6.868174757753636,0.9212040856671087,-20.413270375776897
18.149093330826428,-23.82026336504768,0.9062691198463038,-46.50796438488553
69.25357679135351,95.28561553372151,0.5554605246427676,61.000466632683825
26.617110061741922,-22.049967861294093,0.6944413878159993,-41.88130876495361
85.69304047178841,60.998996914540555,0.6605402402471687,4.633714709033658
24.84074734089613,3.6668737578943222,0.25860286477797967,-2.575406348748128
62.139888740491536,-14.974569109376361,0.13580916634856258,-20.670305288128905
36.92126583899945,-16.709838604608223,0.061684196959609236,-17.663728401795886
75.96549384093233,-34.930260810532346,0.25745023204776185,-47.31211550507514
77.55774785511102,89.92221887790288,0.2921129314912173,69.29670214132038
77.16997135906954,-87.27318095457667,0.8861477274644844,-167.0931145468887
77.83285805504741,-99.65525634511462,0.48355835944310893,-129.47019264137757
93.51779761901086,-13.65752164330074,0.40752434861337405,-50.117272151419954
14.690854210257708,16.36153427636829,0.5837107216960189,8.105492262202779
9.009682457100732,-35.36155255454014,0.02738904088903851,-33.77778389589747
36.84072516226337,0.6337271624017831,0.639894369023932,-20.779515948700332
5.593285605574949,23.318966806948026,0.9222620624768735,14.885499734044435
77.83126724364186,27.16280452977351,0.12992879171419103,16.27608902339315
32.07702601291239,15.144976851703902,0.3086821029114088,5.100476366659722
82.2752743757404,27.646122831656285,0.824822529758193,-40.8360159532812
87.88985082487376,-90.72203773479922,0.1733329102234178,-99.9423292259846
40.08499047693157,-39.29362507292209,0.15341199671054637,-40.938988707234536
24.71949657060125,-44.46939789057651,0.36215789471830984,-48.224823497538374
96.20060748081308,-84.34707378616024,0.22448771368045395,-106.81105669673032
51.40716727222148,-81.65875798753528,0.8705989071216871,-131.00794622594196
39.76093670156743,-62.71614513425459,0.5608230870833374,-80.22271432864196
32.39376955981906,-75.85836478664633,0.7328401418072761,-100.6412808187881
3.7710496986283037,51.37596426400734,0.7713618218082169,45.85544308915421
31.224500231140983,23.730876894609352,0.35901724266117374,13.223561740472341
0.5226299866944784,-18.040816730627782,0.804116532508825,-17.267667341919797
15.412847664059615,22.251881408198116,0.8900872895224113,9.181452938470594
22.61809160118261,4.153403964798045,0.7504451787085289,-13.30916958396436
38.44969711519587,82.9498654898978,0.9568672209762669,41.80478773884997
89.39159635114547,31.51597507391935,0.5757216535094635,-19.811197930470755
87.68225145350608,-48.82708115613641,0.9345220930022674,-133.89010577339616
51.81106755173527,39.65280112588249,0.3561022790638004,25.554093616479083
29.73486231210194,0.624870776722048,0.43662018256325213,-12.40460280396106
80.40078469759735,-10.018791061618046,0.9801807614954754,-102.59546075572462
74.16941389958833,39.81100059828151,0.6054759119218369,-5.9822957094743305
26.667951158392267,6.919506657138811,0.3087621343373045,-1.5027812031382575
76.05464533999499,-70.36130409895429,0.031634451142336026,-85.55751155358793
78.12058558332909,93.15918783210236,0.6864723618381996,48.46189213025251
6.040748750532899,-47.37292479523943,0.2894829689765133,-55.79099205890633
68.67124741285544,-52.08442111912257,0.5758878903549796,-69.58945103086752
14.990613584314827,76.1979968418863,0.8883568854241116,55.94974654312767
25.665856462427428,26.204894514876884,0.9534195843314558,1.7186287629804455
14.637039576114786,-77.93666922565004,0.6735272587712804,-94.3187464364637
50.03607393431735,8.09274862638864,0.39450966334035054,-11.478080390227497
10.681739809828327,-72.84266259649681,0.8488544550899364,-87.072349496538
76.26163455818428,77.00676673252715,0.45636783815928944,50.40934686272461
1.5853695498218578,80.55600418211034,0.7888608551487967,78.95209487394519
24.749311277214403,-67.99521786028251,0.17770435544950305,-67.90574274729204
42.78072880046737,-8.794995146241519,0.9291327213529662,-51.74640004189503
98.10062355810659,-1.0288270492219738,0.2569524818418167,-25.232972336896054
3.862800304207581,56.48699264981599,0.25271347122955967,53.570458506867354
35.617693750521795,13.615243398139995,0.7075392137755456,-11.353214367813063
51.62697540234509,-36.868536289888844,0.22747522687708574,-35.84690438615734
60.17617465274762,-85.3658670150243,0.2478696374711881,-95.63522989045089
8.925051891598834,-79.14713155757451,0.7438929028143676,-85.12483324444025
78.7552498073615,83.00213981237431,0.3712361955125207,53.58615385263544
30.167456850794437,-95.11324705156147,0.3494096850442051,-108.17489395210782
35.87220577493264,66.08617557874913,0.8315552032762505,36.08615112852897
41.359096218376735,-65.02357826750003,0.8473552592631008,-97.27053352098844
26.899987541135406,24.22611359961455,0.5843539644275266,9.342975747011739
9.61448454588638,-50.54572399465951,0.0005332471975781017,-47.42967989170321
72.0817949714619,-44.27782027346869,0.7398274778711894,-106.16694866268358
62.46049970404434,-67.83494003172943,0.31585502511104935,-90.82351320506616
35.55093078290788,-92.80114517972736,0.40156038198499283,-91.89885176049354
4.564362365225727,-45.64570372380796,0.04498854066116249,-49.97411369755467
48.03233350162549,80.9542882624757,0.9810355297725424,32.56068489627419
47.28326586055722,61.326305616838795,0.5522372862724592,33.80179487017203
15.55932945101991,-55.913654960670044,0.17672188237356443,-54.4569793995706
19.438364295072653,-41.41825324140493,0.2779887546533806,-45.27509567629552
48.555965844387515,-28.836630027399664,0.7117334389005132,-57.75905357190973
70.4818969654143,-98.96308547829935,0.5056956160120428,-145.24084248959346
1.7622973543955145,11.430180888698544,0.9307744519379432,10.763685484697907
7.745944265840676,76.21179427417962,0.8626215815213358,68.47125277067897
16.02519856959972,35.94710170257599,0.29751855142308103,29.4211991370939
54.703475902935104,6.607273939522074,0.9353678887948792,-56.98065129885609
21.875083140421168,-15.042566654375108,0.43667307738022826,-22.979434470452347
35.335328576693236,58.16215266909981,0.11063304334505068,60.45645927559984
42.54777902162819,-86.71666706744587,0.0709294426035299,-99.13931734605025
57.06988307927582,-24.855732909744233,0.19979117385726924,-31.89049219744143
62.23383643109628,-44.48324481532653,0.2045686197315637,-49.958588103384386
72.74478950338259,-5.862988686111791,0.17635662740379024,-20.13659832942685
42.80954075803399,-40.020615909984514,0.6109199184854375,-73.76587525086497
13.586717683478266,-72.33687994812573,0.11587105716231914,-68.35492642572338
91.53123586741691,84.48943444788154,0.8945283663879874,2.3647107557564575
68.4409228997714,47.753807560066775,0.16955890478142754,38.49033228872392
12.168320025133394,2.5064262547177805,0.1647967207027705,0.5313442104026228
82.92984272983959,-37.10706117237652,0.6761327117035218,-77.56596556562351
38.3414304719031,-40.20878451399006,0.6308892710928812,-61.58356815700072
65.41476061473477,48.92746663925976,0.5432842473421775,12.691227223244319
20.798030141732514,-39.62354390089151,0.6792470310886585,-59.47966991035763
92.02667260167827,53.58006038448525,0.1785743729343389,35.91884081350321
90.26259109454611,55.661101709255234,0.19651033082715516,38.52839083467421
32.95573849066735,64.44496994822526,0.8920082373436333,32.817655439816974
35.212120520452764,-26.898836911172026,0.5343987043080061,-47.629737821280564
6.35922288006725,0.3365402848085637,0.21744897488783924,-1.0584730959865483
12.44902456405802,-90.69251923305161,0.9087766428343799,-96.06895156521769
84.1862367810585,92.76223357850557,0.4995234375798024,49.728849631694
96.94224445516775,-31.842987025311672,0.24614158972767503,-48.66001371255756
5.40899943885872,-50.90990175574215,0.24292782981686195,-61.39906218984126
43.01444789779997,17.98591959251084,0.43498051043225616,-0.6635563182717354
70.44089017473604,-24.051292975860818,0.7636671591692942,-90.05775493493614
62.09121811840177,-59.13582084685744,0.7752657719896434,-101.09555682503837
57.81727909923971,49.13033870975519,0.591215266987218,13.502974302791682
36.20347026557721,-39.95342892777447,0.2839622666351151,-54.11978247793876
68.18840520720666,60.52462613083958,0.7347242086529372,9.578893199542936
38.971696106559826,52.12086818169584,0.6807017387177541,27.262816256104422
99.16188202683227,-46.90261596658647,0.017228367077942387,-47.81739561243535
97.14006078767473,51.97620471595644,0.2825956825728644,23.990240197277874
20.92543616607605,34.65572271040452,0.035164297760726985,34.35652647441191
45.323132367448224,-30.69499817722678,0.37639357594023903,-47.441635008430644
0.06584671505452944,-15.160232814678793,0.2816666999861132,-15.677980341749436
65.96021515099567,-32.38338420735633,0.8047676719860735,-85.02435199139155
37.85621599470451,-47.26573160123883,0.6678560150320837,-68.19663791548194
19.66527770168942,39.043920672134306,0.7414628066245705,23.649968502218762
77.07970436719265,-3.1323509117244583,0.3356818143592372,-30.952595249828743
67.35493096833927,-78.82932643683746,0.8089423542145641,-133.2517258362309
24.02962947687316,-85.5007678528871,0.008181270175927399,-77.41380797763831
