I,x,y
0.21811901720813687,-0.004032441749749982,0.0009058879033008348
0.6708125103154606,-0.03243525906719307,0.0223697143353996
0.583807362387965,0.026687685258250465,-0.01602784942178925
0.24283283272986794,-0.053790169932511483,0.013386988666904003
0.6285718766504877,0.06245433360411336,-0.04016443983277123
0.11779680239522286,0.06488526884575994,-0.007815807740508557
0.5334799968774397,0.025103412539031755,-0.013778652465561033
0.5439769512891873,0.06170712794904841,-0.03434859209845716
0.40655448129499716,-0.06775306405927936,0.02814877285089917
0.7531818812506411,0.036230718096074546,-0.02804302237359349
0.6034170000462907,0.07447998897123227,-0.04585203764272828
0.7459934811230645,-0.002998066384598805,0.0023035334184496946
0.4432714792091944,0.0555311058010763,-0.02521954404490992
0.5028543733684009,0.06653956810543794,-0.03420227527519654
0.2931172380188724,-0.07264735599195757,0.021735157416899173
0.4282839325011546,-0.053052374128626976,0.023289907891004106
0.5088590550372786,-0.05688445770469282,0.02964894100008746
0.06802522500985707,0.004989262699797728,-0.00034955277762864127
0.5980057622016662,0.0681915743476275,-0.04166809004677823
0.15316646450386343,0.04552788297016577,-0.007156880868617662
0.5103863517438548,-0.015474711586008758,0.00813145523783994
0.30854133945734286,-0.05916218025628827,0.018688703608685645
0.4574800637341258,0.04158928525824657,-0.0195385104137071
0.5866094493291953,-0.0325523299229934,0.019632128398032293
0.3039482826516838,0.04275121259444002,-0.013341758245039343
0.7843081232840057,0.0015835182616193155,-0.0012791835153715693
0.3281333031652441,0.0024114657327003464,-0.0008149894888373894
0.6028123888725125,0.019713584808335516,-0.012231603797769788
0.6092520432775599,0.012000455477084032,-0.007528569147663072
0.43903669836304116,-0.03823477812875218,0.017246318164776668
0.5132264296022547,-0.04598920052871712,0.024222341506443177
0.05789851423837549,0.062198185878984194,-0.00368462288897703
0.721077643782803,-0.05395359185947733,0.03987143617639657
0.31939503937586755,0.012932052430178406,-0.004253006549577629
0.21373417790619637,-0.03135726884451997,0.0068913655317631335
0.5244088305349951,-0.05614116109495887,0.030160037428508396
0.0595815573095849,0.049020031828074684,-0.0029958673516746405
0.22679818116053285,-0.05602715871012168,0.01301751716459761
0.506688418794047,-0.04993829334628576,0.02595041195625698
0.20833453884261044,0.02144565517705889,-0.004598150281670684
0.6538095530570025,0.07286966462182452,-0.048626794119517786
0.7350262423134922,0.02174550840279918,-0.016449221091361734
0.5605121539845721,0.0585383425354714,-0.033597089734708756
0.3834259069576404,-0.0038268895181467477,0.0015112677206035993
0.16088025384806512,0.03878316195357666,-0.006409904137433586
0.7052104458524214,0.052943069699753306,-0.038270808105408505
0.39370675736954164,-0.013486050601184477,0.005466976243359779
0.14291355756202898,-0.0526642135395424,0.007715262396039419
0.5967514919296028,0.05292456790244866,-0.0323736798675744
0.19253419289728493,0.037150008212604835,-0.007349615362604582
0.24417894730815315,0.07233332967202112,-0.018029433699304077
0.40167856296483584,0.037406312614884446,-0.015438573384568999
0.7579387215775866,-0.056645282995320116,0.04397806137090513
0.4225960911931035,-0.0695023505961447,0.030002570645876765
0.5922678646401919,-0.03702951855161452,0.02253568233312699
0.012523570182214084,-0.03776262622458359,0.0004859079806966796
0.18479793189112126,0.06055524323955251,-0.011453720865843734
0.1539988186272411,0.005636120417585724,-0.000893920577693332
0.11102211959314756,-0.05357841350453331,0.006096615932726239
0.17478018377725713,-0.0539108279456918,0.009656752658447417
0.24679799382824674,0.019892638837548784,-0.005053175416123826
0.5510950262292789,0.062417658949217455,-0.0351934269990867
0.1260312013386911,-0.03250938784075167,0.004212357276188211
0.04057484088953896,-0.027228130286675915,0.001136443214006063
0.2513931518295454,-0.014421671774218756,0.003732838024513266
0.3447499210170524,-0.040416169358193386,0.014310957734500647
0.3014797374933985,-0.05483972414153657,0.01694108505774156
0.24253903078646238,-0.01840472547149781,0.004594981303141159
0.7190222213686721,0.013000628121607793,-0.00962511112662216
0.6126679763109701,0.0578023027190042,-0.03626687657617482
0.10610577796403309,-0.056427933803886055,0.006133236072348918
0.7234858385262805,-0.008701014965385792,0.006482887996849415
0.46053102710181193,0.06318485289955968,-0.0297665077086088
0.4597400324106074,0.04798098444333876,-0.022630468984354404
0.17829939314838728,-0.042637220537806615,0.007805683279251653
0.19157036622650392,-0.07351135457862552,0.01437112085748228
0.43865293323511473,-0.051408009288547565,0.023121216232942735
0.49415124681714073,0.016973449408200808,-0.008634565030806904
0.6485599090004333,-0.03430856358697363,0.022871861950261644
0.3566661879253065,0.028436373589812394,-0.010431798628894618
0.30989490660091346,0.03882091057573901,-0.012359006337919828
0.7621840174581159,-0.04147950713288099,0.032466691067557306
0.5545175862327216,-0.0491817235621435,0.027973345163421183
0.3268685059192599,-0.04331586960480026,0.014536133656189668
0.4010473332539153,-0.02517982719865474,0.010389660624459606
0.6681554074270692,0.01453359481247457,-0.009998117089750552
0.36237222239918315,0.0359535392676399,-0.013389348507858315
0.17953083316673163,0.01424142534905884,-0.0026324882740567704
0.7094684144198974,0.055297460907648574,-0.040196535221524984
0.3567525794425616,0.006213050659583164,-0.0022828018154453737
0.26299797447264517,0.018673975862404102,-0.005055388458181823
0.7427999467295072,-0.03980991049191953,0.030374463643947178
0.007472468167404234,-0.028937234568635305,0.0002223938421628371
0.4938369992604229,0.035638554677643985,-0.018087701493182475
0.030666163341050812,-0.016153938019810368,0.0005099980606686706
0.7762409081383668,-0.03737555820374792,0.02981051903773255
0.7805796552381001,0.0017953526309769097,-0.0014434093764707284
0.15257232369180995,0.014237722408578554,-0.0022366102028915495
0.46565149003661355,-0.027820774562163073,0.013325362421678815
0.36686718591219436,-0.028641591150841396,0.010807377874140931
0.055840368366809306,0.004108276962926788,-0.00023627640526501005
0.08261061979996845,0.022992790499583818,-0.001954604785361874
0.20440891126678126,0.06416897104966247,-0.013414911679985245
0.2140903227219642,-0.064808828508791,0.014188380569152247
0.3806032919798088,-0.013808745077958012,0.00541140113884943
0.07315810146659994,-0.0011696483939884345,8.813363213598039e-5
0.64161167282312,-0.02258053968371919,0.014909118007129558
0.5695988451110793,0.032879138032087515,-0.01925350782816121
0.7031550760093929,0.07278286805588878,-0.052235682173220443
0.6464216490158802,0.035455191688907206,-0.023555108173377158
0.17468927707074,-0.05424598336881002,0.009711130846142123
0.3577029675556821,-0.04623720987784763,0.016972601082904992
0.6911600410122332,-0.028016421312823482,0.019917368913393643
0.38266219679053076,-0.052023249720050554,0.020409134347447552
0.5997333878306024,-0.01217843800849247,0.0075208050720032334
0.050831839658413716,-0.018402978426939817,0.0009629345279482143
0.1245438132387756,-0.021365809510167873,0.002738587502257978
0.2381437091162634,0.009788888440327048,-0.0024006347371003036
0.1055605389080851,-0.053418655902657534,0.005779586035386855
0.25844160067441707,-0.013724713130273965,0.003652165052935585
0.10966659024162828,-0.07355273254795457,0.008231453375170464
0.22753371222303853,0.04148622486643881,-0.009693795607336578
0.4109460104779887,-0.004294013188180387,0.001817436922133096
0.6099156767093219,0.06663366250248641,-0.041541958177488916
0.7432237912835727,-0.0004786787651723662,0.0003664278939547263
0.028218086503057016,-0.01891733940264618,0.0005494727285297959
0.12021861696622516,0.024868670597679055,-0.0030760179869793753
0.12294524077206558,-0.05948955510914452,0.007487644681472268
0.661563668556307,0.07379093255654175,-0.049814063114518
0.2733289770503617,-0.06818537355205159,0.019043423960134368
0.01599470758257846,-0.008395647418414018,0.00013829387677594983
0.6956921257558978,0.06357261394799406,-0.045238339771361644
0.401597782373767,0.05090004379755224,-0.020960756180474025
0.7463998417965672,0.04982682324179767,-0.038142801530692085
0.6013104354560811,-0.010429838464125984,0.006458330543941685
0.21938889149182528,-0.005595314969671139,0.0012642728037350291
0.41222369465148123,-0.06991576364999966,0.02943735349588265
0.5332164567098566,0.04138881624116701,-0.022664009485834764
0.2924359157400342,-0.005747002522103459,0.0017309018410778573
0.05941678177942933,-0.021429036388887532,0.0013103727851556722
0.27861527592480567,-0.05885950078533231,0.01679073421234904
0.0877068151663984,-0.025892171968105962,0.002336295280645443
0.6986079879888422,0.052578637721879665,-0.03765401046897772
0.07132766534741534,-0.003072375394372648,0.00022570968334217662
0.1516553628313643,-0.06497961637856127,0.010076740464416301
0.7119963438240743,-0.00538754129867014,0.003950678582146671
0.21370677836276367,0.009079026061676099,-0.0019981179654931574
0.18041735855033425,0.005918252540497285,-0.001099690994155121
0.7207419194621978,0.054288559562533464,-0.040097808544336734
0.34769599895232517,-0.06626904592334622,0.0235542825923828
0.3162299819917551,-0.0063564586014474705,0.002070203873238911
0.22730619466657745,-0.04949308606976163,0.011538737657536385
0.23890370993226215,-0.031793913474922886,0.00780979161590984
0.5585892201714157,0.03295207992468516,-0.01892309423814675
0.42045968440119785,0.05456562309502304,-0.023510052559687366
0.4400356114902644,0.048002161634632334,-0.021670013715702263
0.37146553197485477,0.02232162752553496,-0.008532934465339039
0.08238586376519247,-0.009398922913353827,0.0007974251908685069
0.7095523530229166,-0.0703844948855169,0.05100389291466511
0.004616530221030324,0.03294871256662306,-0.00015637634830818154
0.7126791526731571,-0.0668839610473501,0.048720833090375656
0.020670475391714318,-0.05787384763362631,0.0012250857977655662
0.3107573358583551,-0.04335438078942517,0.013831863261759308
0.4677829651357316,-0.029081286282310943,0.013991151342024182
0.6198143004533606,-0.009689093820327482,0.006184431647175102
0.14421282376519368,0.0013753742860103946,-0.00020429056262365826
0.21995788189392063,0.07453178533120224,-0.016725411840936757
0.7064517626791567,0.05018024923821189,-0.03635523032120287
0.7277834339189312,0.029364158525078274,-0.02197874363915345
0.6376244207705727,-0.02000286839470189,0.013127568646665552
0.01588627633120341,-0.04206955458315484,0.0006862746611216227
0.7296936294796322,-0.06517238363473107,0.048626239383821934
0.6499891123506089,-0.01617548825097257,0.010824145707410856
0.3165251429910867,0.0600792716253407,-0.01946584529617305
0.5388706684846593,0.05934292290100569,-0.032738532578071404
0.5588484133042807,-0.03507646421309162,0.0201474031630268
0.18644630766047784,0.0328709238003472,-0.00630066575010874
0.1971709776241796,-0.02446277919242463,0.004962816993808392
0.4505272441792089,-0.05226101292429215,0.024137483883605013
0.2768588138847501,-0.05204082458272147,0.014771095644035264
0.057840864917336976,-0.053423827326417136,0.0031671712312693217
0.514107603136557,0.044483071805520316,-0.023474771655246134
0.5059052424206136,0.011051529721524983,-0.005757389077594955
0.18157897389494249,0.05811884969183152,-0.010806750732706838
0.19171392274752758,-0.020153328052604613,0.003976701646353118
0.014196753789917605,-0.06430648741038947,0.0009336704913446036
0.7380959934642819,0.018119586028752188,-0.013767073733519744
0.4305517324558305,0.018300820545294125,-0.008110945989487658
0.3564765528657139,-0.0091153650213327,0.003346324910385275
0.12500309512288776,-0.059004736216180895,0.0075516718317179855
0.22009673158089732,0.010267717721179292,-0.002327201337315616
0.48074393358287226,0.03949515187588233,-0.019503911663820896
0.6510440044557929,-0.009301782313802284,0.006236444069531534
0.012450830340426045,0.06505227623542366,-0.000828207107438373
0.21449338970437754,-0.02715308416610518,0.005991136433198209
0.6339944628468044,0.008276502969634614,-0.005403887184625968
0.08818439816188972,0.04409584025482974,-0.003991787978325225
0.4420778067605029,0.058462551964718126,-0.02646423074430779
0.5479668782206238,-0.06401822692833153,0.0358785778306546
0.7313045404581718,0.0018930700697255276,-0.0014258939376766372
0.30936687823509224,-0.05373176506155058,0.017036570042036965
0.08000198838587319,-0.06317772552453885,0.0051703679176889955
0.5018479975786889,0.057662767655882755,-0.029635993090421732
0.22971800866410988,-0.020070086106472707,0.004745362042209253
0.7633071398116655,0.03716110094479429,-0.02914641282088316
0.5202689478698548,0.03538671561031999,-0.01892174316232009
0.7576272621088416,-0.050154827720660045,0.03896922834995993
0.6852486367256896,-0.032906223656588976,0.023181697905438038
0.37816679030946976,0.04356589212398075,-0.016913856288024106
0.40618264333024395,0.07020520882970281,-0.02912401811134554
0.10179455026334533,-0.042283173770528676,0.004419637416250627
0.757224776815542,-0.047305068388744514,0.036752971374631585
0.1002988288854879,-0.05002150866999722,0.005145363325066764
0.07105321972487433,-0.059307450180696594,0.0043142158828114435
0.2632790904044863,0.07028656348498995,-0.01889908545051778
0.10501288080305847,-0.005347009562131161,0.0005783053091910429
0.06406738900476343,-0.026284640871792726,0.0017324062453949278
0.4699268539937933,0.07105107190943737,-0.03409359438611931
0.47379602291493783,0.015401432627565936,-0.0075127835276931785
0.6550438262370709,-0.06044723838866844,0.04052791549850796
0.5505234424037904,0.04356519571563919,-0.024622274479405362
0.6099866045487405,-0.06948165013181468,0.043293834883607656
0.64797370231246,0.04505093739823805,-0.029962357567467967
0.5524415453216577,0.0217639518925066,-0.012373609865180313
0.5847387027382615,-0.0483886095156172,0.02902604423665832
0.20035081019618098,0.04277196355481146,-0.008798606732382584
0.06910441745927579,-0.012500482618761813,0.0008894902456204122
0.4013826009747672,-0.026724086806743853,0.011034553095173033
0.5915750030998344,-0.002810163984834649,0.001712223804179974
0.6846537697798049,-0.03123202228211757,0.021987204937569577
0.5105846771329386,0.06664978962438688,-0.034784714816748004
0.7032172667922171,-0.032137510845360484,0.02323581881734733
0.29570369153818316,-0.06791149441432522,0.02052087368704872
0.5878648887579908,0.050542999770206,-0.030469332940166863
0.25278558730098294,-0.0746860865036941,0.019260639015843895
0.7971904850721694,0.009823219775765543,-0.008064344263447647
0.2880281311221256,-0.04979632492171768,0.014709987635508296
0.5670051470096183,0.05808736773208896,-0.03372748694747317
0.21312938320388497,-0.028321175974315986,0.006208440451881764
0.3126013177162286,0.007108132533645867,-0.0022884089459563914
0.7057021621449678,-0.023144983396471128,0.01680755303541161
0.4689223891412095,-0.07412911035726112,0.035467448886017966
0.7762586869835393,0.06412093548938093,-0.05090656785144734
0.7726762620654233,-0.03600649182170936,0.02859159887388285
0.14678052262267496,-0.03619667634877412,0.005459928697144615
0.5703959898853393,0.012694867915085312,-0.0074560635884294724
0.22294550882047998,0.04307819559408953,-0.009860530820825143
0.3324308785208807,0.060843511504943174,-0.020700811176981835
0.7273933467998486,0.051524131757126876,-0.038426424130463814
0.07440123256055041,-0.014675629572228566,0.001124194525223929
0.5703195661077106,-0.0730496533399508,0.04252012591609219
0.4886016293592431,-0.010000926682082967,0.005032057833787582
0.232346742777509,0.06516878144545625,-0.01548257032960509
0.6846061941786473,0.04757148155331395,-0.03341401574946361
0.7237377355363279,-0.048052162805181584,0.035678053508586376
0.618022710143363,0.018599447977072386,-0.011832374108094597
0.5194231543040356,-0.066738491273802,0.03543323383006266
0.35045532543258856,0.06301610444562843,-0.02259207111542981
0.208075690450628,-0.04751163879625506,0.010143007751057862
0.7025996966919759,-0.02307115890841927,0.01668038523899798
0.7997699734589276,0.07061921179591603,-0.05767734662808048
0.6678900047308141,-0.06520899485954104,0.044532331018175254
0.5353118280529297,0.03470508293650455,-0.01909538648292526
0.23054381449290107,-0.017309648775299655,0.0041081246221987425
0.2559543065819906,-0.06888097935726449,0.018011882135412802
0.7699294480477512,0.06192322270978955,-0.04878403774113053
0.7696326651002465,0.005275023252670971,-0.004181307290387286
0.25074015836253205,0.03728545201099283,-0.009606244506929875
0.2738716012740712,0.021636344663395396,-0.006098279766206839
0.42821769916465524,-0.04450241733584659,0.01956138115018733
0.4621105959047155,0.040536681319913795,-0.019239608746556155
0.12927899028186163,0.06642831532313896,-0.008778594014054923
0.0639928602740043,0.0046962644453026475,-0.0003095227518527916
0.7082428886817551,-0.05757513850846645,0.04176154175834159
0.46376816968632606,0.03647475466679956,-0.017383136096969506
0.08082730966234655,0.02850770988475232,-0.002369957046415921
0.12330356092035624,0.04620366800605849,-0.005846401277324514
0.013987260137608093,0.06294265213395774,-0.0009006507048557527
0.694524798602411,-0.030614796346228164,0.02186484744758156
0.6537862483853614,-0.04077956127745471,0.02738203738366476
0.05717182322545958,0.03320940234060135,-0.0019518534400382954
0.1252952570268291,0.00456132665757418,-0.0005886203171267137
0.4613376860988532,-0.024488806012257176,0.011624253472876631
0.39379191953479054,0.07129720987771011,-0.028667196085108305
0.6933370129070653,0.06568167254418199,-0.046559211582558026
0.5315967061746086,-0.06405523360098994,0.03482656571085036
0.5435249135797208,0.0605327799361705,-0.03367517264384943
0.176634064691984,0.021582183594542587,-0.0039232685792521
0.6010694442563876,-0.03088679916153763,0.019090285649425193
0.6370321527014768,-0.015422787069354786,0.010115143994524492
0.3367134202781965,0.05809731249721044,-0.0200323037023826
0.7860207718341135,-0.051870275553853554,0.04179996700414053
0.10259165800986746,-0.029971599022374305,0.0031621195069496434
0.6182142196329732,0.051812431731617106,-0.032839821264602824
0.6759494947770607,-0.02476935524024658,0.017226505692490034
0.25155441172745835,0.011372580665983956,-0.002945910908310458
0.42479878674668137,0.05404402986446914,-0.023527902917682166
0.5292658254176729,0.058954775786776145,-0.0319471920667664
0.14324308367079874,-0.06367455337289597,0.009329308092049585
0.3334672046111429,-0.0028071258905569274,0.0009641266413768452
0.6717465673943634,-0.049789814355034726,0.03430256168804471
0.13432108998629796,0.05605276030123481,-0.007713101951927205
0.18112463243986376,-0.05719462558879014,0.010610222727977934
0.38316615120057407,-0.07287495099398635,0.028499841588376155
0.3773378713504465,-0.002572427684518347,0.0009997549773841687
0.7757984280651159,-0.019173043274407713,0.015310565227715157
0.18391625610513263,-0.03523612146752561,0.006660534926803541
0.256627414417808,0.06942635007746982,-0.018199888195010474
0.1713417651067598,-0.013503152069372311,0.0023822513653278536
0.13586577260435098,0.00714856808707981,-0.0010002671523140312
0.3226772943907893,0.06549447319670516,-0.021607689301409036
0.7163815162721251,-0.05835487657770735,0.04280688892753555
0.5051806887443243,-0.04127718220047232,0.02141479100012944
0.06742696355786625,0.07248288990374598,-0.00498871205667984
0.5028789629522766,-0.0038794866736718003,0.0020093308817743386
0.22722567940281807,0.027751652399824675,-0.0064863134503014815
0.1151686756051908,0.03580996416851659,-0.004238467154634765
0.46981410422119324,-0.07397118693344364,0.03546060907467947
0.33639335824470473,0.06306639412308875,-0.02170263835011164
0.06347654076289748,-0.013454714686082843,0.0008793826755544839
0.6428665007597746,0.0007509897860525083,-0.0004972552049804949
0.5618008040004238,0.062210712828562206,-0.03575973442645681
0.3298566826663654,0.015886559388701732,-0.005395009113577522
0.10310847320378205,0.061217256815445195,-0.006459606525302198
0.5627830320953657,0.06299135317556208,-0.03626570128581845
0.14893798900239705,0.02708433272371462,-0.0041495646215466775
0.7940892270481438,-0.028860350929500726,0.023570884414680034
0.5782291909182696,-0.0363425403410584,0.02159520191188251
0.3050687889243383,0.062298935501653566,-0.019445405082297217
0.11648749607717974,0.07409272250490097,-0.008806413232958702
0.25495044531898403,0.06448989419134278,-0.016814334725196788
0.27971026920581077,-0.013383553941251583,0.0038545301586676876
0.6911051963579847,0.03323587173824667,-0.023613155469818244
0.15595526090275813,-0.029309907348125594,0.004701105326546067
0.39185921364973164,0.05495068079064429,-0.022063881636171834
0.027109615339444827,0.07135098958927065,-0.001974983825925115
0.401162572209934,-0.01902131279185136,0.007854462753047279
0.7952795932807979,-0.061519500108781815,0.05006600302812278
0.6944597810952678,0.04092226424638354,-0.02918673472912926
0.7849166322260744,0.025774723663203283,-0.02081363688041042
0.23951067116576097,-0.03444538013358791,0.008480036809842717
0.7794122570239042,-0.06491250643118658,0.051735332152707106
0.7884881382408366,0.035060317143686265,-0.028413261800366657
0.49595177817560643,0.01636931425795353,-0.008357865763827379
0.04184299400066119,-0.05221840702338325,0.002239973061099801
0.28260176004045773,-0.01739921083170877,0.005061788307268648
0.7779869646061176,0.06384732802638067,-0.05080524480669994
0.6283982106374951,0.06868796706287521,-0.04409939786353389
0.005741829467361548,-0.04016099121609656,0.00023685326831309646
0.7420889142333926,-0.060922842808381394,0.046270124004630334
0.38069998011888756,0.040685887360880274,-0.01590815269929556
0.3133032262413005,0.041146612793708334,-0.01323926936999503
0.23315472318821195,-0.05739776613976493,0.01370609292367464
0.700647361177254,0.05573782314817395,-0.040009536425351155
0.36589290155603243,0.06188910617119668,-0.023170990240698984
0.7779128885901698,-0.04954476856244798,0.039530058685201555
0.48413818424138766,-0.04445209709582419,0.022091042930052922
0.34771154504075996,0.031577978714816574,-0.01128979834089243
0.6319557937613667,-0.051179907039824,0.033163658854350186
0.17871107922098234,-0.05073733278827053,0.009297986020272278
0.3741422379226821,0.05165143543060195,-0.019813415017472382
0.05455303661867497,-0.029869220055293903,0.0016757286245659324
0.6486039643523371,-0.04737463587677562,0.0315268479388706
0.0484165823157305,0.062513378379272,-0.003096604979898803
0.13797560912804077,0.028382847845674256,-0.004027945596008857
0.6839438186044172,0.02063896698631104,-0.01452834756305531
0.5972475423779869,0.010659660063063861,-0.006555986704397267
0.6337116400622428,0.0675813090950597,-0.04376705435008078
0.5498956457048996,0.003379533389581385,-0.0019140507598437982
0.034296827073595805,0.05805534271446887,-0.0020389857273152975
0.17608606544712854,-0.07435936532858,0.013359047171655874
0.3488412018137784,-0.06067003292287339,0.021661543618598806
0.7961948119117827,-0.03803498721339283,0.031113649069578288
0.0555851076555233,0.04035672223629762,-0.0023040255108261057
0.7257319699151658,0.012241925087408415,-0.009148277588273513
0.5036374199396548,-0.018178681108907156,0.009424520951821867
0.377514255848815,0.06732115248182934,-0.025974069214835135
0.30919753948064266,0.06364065863826497,-0.020127218746283947
0.3896675789961287,0.06960621346252906,-0.02770544012217786
0.11157425823528318,0.07194908759549902,-0.008195319004982283
0.522537930079303,-0.029363279603048943,0.015779947617508883
0.1918032354167065,-0.0634245382268374,0.012443619204312195
0.44813402964028337,-0.03763618563860143,0.01732943111571582
0.37043784798469104,-0.016911791383794353,0.0064493653430936085
0.7136967416537288,0.03907444681937226,-0.028648062828207376
0.14936999662461484,0.03349609295779038,-0.005143365624951518
0.5258737828845457,-0.06662637343320581,0.035813923286247044
0.6734190477171705,-0.07459251136876793,0.05124714455179654
0.5503843286532925,0.041980785817097785,-0.023726305056275206
0.5708433460609035,0.028946250241467367,-0.01699458354737561
0.7945969346434585,-0.05044253430694941,0.041103209641168474
0.7060542084241836,0.037710445368842715,-0.027356864883400916
0.06435287765854616,-0.07096208511438232,0.004663109500286512
0.30722299404944203,-0.019605625214618068,0.006199736099119995
0.036281538122276746,0.04305786124419041,-0.0016039229805140235
0.7151342690280189,-0.04865957156312105,0.03569597012574896
0.18278723629759572,-0.017464284429971874,0.003286204143230431
0.317800409880216,0.06033903614269519,-0.019627725528109614
0.24780236329059166,-0.0249603203763906,0.006363803687530028
0.7450923698401873,0.0649763430645716,-0.04950520402136597
0.7835979326763138,-0.008488847162108584,0.006850358172802597
0.15083018905232815,-0.01759311978994231,0.002731653750337074
0.10148797976404574,0.038739736008665523,-0.004039051088805619
0.3873632202642021,-0.07165923176086039,0.028339879155481893
0.13642587308949938,0.03839585227113168,-0.005381568439223553
0.5819859284611321,-0.028971948659784405,0.017341647523892424
0.6245790584864289,-0.008644430898736288,0.005560234710405245
0.08215397803928957,-0.023197153875406704,0.0019610454998103626
0.026807688891831563,-0.026139787050499054,0.0007209045049280594
0.13347329017514406,-0.005108513510739474,0.0007022543127428975
0.5665100582031014,-0.06124479914974292,0.03550685264966874
0.4984627761435103,-0.05697554645192396,0.029089186791806453
0.36336653160679777,0.00012993067318434193,-4.8627453942452645e-5
0.2802733187443946,-0.05191765667717809,0.014918204061741724
0.5328858446858987,0.04930992628984525,-0.026951595822375128
0.761753340681962,0.04775529352583982,-0.03732192444957513
0.39751885277283594,-0.06813570592580752,0.027676148597856384
0.6151500356151436,-0.05931377103359572,0.03735466886793712
0.34666817034044883,0.0341673341105108,-0.012175341303204181
0.6387517984196722,0.02938856516385638,-0.01930601278935178
0.5428110494510635,0.060011959816245894,-0.03334516649825163
0.6254819536916317,-0.04147664792257526,0.026641778552614032
0.5068097860763638,-0.011709599767351558,0.006110966408545119
0.03758829373457928,-0.04685721110222277,0.0018072588951847284
0.5298838114073948,0.009870611038186108,-0.005386133173704418
0.5444552446853909,-0.011204965605477582,0.006282090303173923
0.18483486790621928,-0.060642268355530625,0.011472266806603801
0.21793640402532058,0.04392370281369075,-0.009826934946488664
0.21413516327777585,0.039301456906833704,-0.00864514162471724
0.10296196887223186,-0.06491368314980708,0.0068344663321092515
0.6856635314068248,-0.024321612477419742,0.01715884363720281
0.5716450877428814,-0.039688217118297,0.023304555010137628
0.7124159883046821,0.06848086407686556,-0.049847231106673266
0.21088528888557728,0.0003222929942482272,-7.000386272749742e-5
0.1256864006037861,-0.06368425365093944,0.008187085036549928
0.016975248200980796,0.013567713577018414,-0.00023714320662553275
0.3294370220310092,-0.01749615157143966,0.00593351415997213
0.01108340572664428,-0.03939459662483081,0.00044851803490403953
0.6120932852072842,-0.04569971402387163,0.028707943637874125
0.40784221008504523,-0.056725043220691905,0.02369728122396411
0.5836841942237004,-0.04939450647586979,0.02957102133485071
0.18746003862312144,-0.025079799588629152,0.004837149263139576
0.4302589244890734,0.06811637334960928,-0.029947220751763103
0.2581634568758266,0.03240093077213181,-0.008599947969178285
0.5744126874244303,0.014597345475087509,-0.00863304909808676
0.6621892824333924,-0.05431074959587525,0.03685519305071414
0.4301941742015991,-0.013543007230258385,0.005998850267802357
0.6149544608175339,-0.044082360037953475,0.027828305697602123
0.02167765084712832,0.030236696914973438,-0.0006740482783010222
0.5062373393272622,0.03229131938862376,-0.01680694624270101
0.11896810883768448,0.033587285988285726,-0.004107625035825335
0.5466354677861696,-0.06698244034888755,0.03742377976528137
0.5835363414434724,-0.015034386774874613,0.009032548183271065
0.4665742337540967,-0.01865641191850141,0.008960137976344824
0.12532144003251008,-0.051200563785556395,0.006579225836013096
0.6071948838590668,-0.03624914277277217,0.02261897202726935
0.7869151716537036,0.04662699744770814,-0.03765066870164841
0.591828655777446,-0.027814190326895756,0.016932126321691287
0.13264618382907,0.05563871844419373,-0.007561258868367356
0.43210571249268637,-0.022179803076672125,0.009862940710351752
0.2970251893173167,-0.017955036144851298,0.005489900874725093
0.4946652791889592,0.026004337956637397,-0.013233624434020106
0.00958118859592183,-0.03518600076482546,0.0003464916846693904
0.39905672290830974,-0.06119334405093823,0.024990723942638432
0.7323230143877194,-0.012243678094738614,0.00923268279798871
0.2646248153619499,-0.016807041187438553,0.0045786397653295305
0.6950061080533101,-0.022708510829631476,0.016241208478319842
0.362750159839089,-0.04074090216703169,0.015178471054909645
0.5768785674207758,0.04930149029783998,-0.029171651579337095
0.6764479080551857,0.05772120195791662,-0.03998678795019291
0.36163379985736066,0.05961668163981,-0.022070813845441153
0.7936541425242029,-0.05752591478556203,0.04675825992819581
0.673267045086476,0.02165071585141054,-0.015001531791212603
0.12470665590804507,-0.018762552953575637,0.0024084876954334885
0.35876220558296024,-0.028268248014422105,0.010431234687668546
0.39299564690645633,0.03559469429029434,-0.01437656081131091
0.343468913339457,-0.0464104243745137,0.016357814691567638
0.1221533444499861,0.022231439703700687,-0.0027946663927929175
0.6327237470465953,-0.0036628317122412712,0.00238696495731645
0.05239689771495453,-0.06371436969455864,0.003414672557214127
0.7124798408754847,-0.06165069881052212,0.04494784393189921
0.4013886710865891,-0.009865373347262882,0.004077848721160338
0.16355402119096984,-0.018413624598250695,0.003100080949519376
0.28218815471185377,-0.061322551422962425,0.017708723374675224
0.738924839533472,0.026757571962642834,-0.020339438872045826
0.08830959170121676,-0.013581616675935645,0.0012349431144350884
0.6541362086647317,0.01834261334570224,-0.01235104963179089
0.3026363453473515,0.05728322107101212,-0.01775549317415908
0.23811892766955928,0.05592611590997133,-0.01364290880982563
0.010981212058521362,-0.043919590161355423,0.0004951059911806155
0.6488097838732432,0.009332788580974569,-0.006235752998420455
0.7843550694997027,0.0595796528387436,-0.047840475735536285
0.7549860883384755,0.07324071013980314,-0.05643244432677623
0.6888324419823861,-0.045636036350070845,0.0322624112255305
0.24761797279311493,0.012036886548245182,-0.0030691166713142735
0.1366207117194927,0.07365031836056342,-0.01026795319603054
0.7268559676030331,-0.057527350004017985,0.04282389112839667
0.12693576186637126,0.05802506426343974,-0.007542586244160233
0.467070905550537,0.004036517158563249,-0.0019417907121322424
0.6974948260877336,-0.0009866370128362723,0.0007087981918162772
0.19475385578995344,0.018935194121158058,-0.003795892018631635
0.14017343527748957,0.06802409004769637,-0.009743453260390859
0.7648198057966686,-0.05150564665499566,0.04038920931540887
0.13133794042962946,-0.043539559747842405,0.0058706822886725775
0.5554997031664352,0.023546761884833595,-0.0134594474011953
0.40547445409344096,-0.07136367761521216,0.029544698558446353
0.7987836169865918,0.06909217592305746,-0.05638112344286758
0.4614457576514145,-0.04206315653922108,0.019931081077199788
0.5414198966601796,0.04257678425711631,-0.023669172423877803
0.3923263592610753,0.0396049889919549,-0.015960814230777325
0.2212156215230099,-0.05926105022180579,0.013421408095742368
0.23151579092088914,-0.02209847334493476,0.005265071811562457
0.4074757300840539,-0.009826161344630727,0.004123240686178684
0.11671475806444792,-0.06390366211595652,0.007628509238798581
0.27498525379845545,0.05756740008612256,-0.01621235081941991
0.5697965896595303,0.0002980177562138808,-0.00017489880883982548
0.17385870199876843,-0.07271932339631164,0.012904468281210465
0.454898364010551,-0.07211152820701239,0.03348715616963451
0.6142488116194517,-0.07455553395106128,0.046721561520164635
0.13044204951574798,0.05544067090254608,-0.007409427779799863
0.43142372287031955,0.021999240428987876,-0.009767341542531019
0.6101608953373941,4.029992509438363e-6,-2.532640463499532e-6
0.02858640234494434,0.013941005432945783,-0.0004103305406150994
0.5891589713740197,-0.029613608072886717,0.017943039348955116
0.3595836881415191,0.0336461649558443,-0.012437065715193816
0.24136820529153946,0.07045454370588301,-0.01736695288000364
0.459815053198394,-0.054696532894180874,0.02577166475769806
0.02448549066741439,0.019445717058607467,-0.0004900904182650141
0.6965940267943882,-0.0063663060583858955,0.0045673260597528
0.6552903684672293,-0.024070522919414146,0.01622979201023463
0.21390282596825616,0.03529592688505935,-0.007759591687242449
0.04024133878066758,-0.027901694037877796,0.0011549108275295962
0.36072290681585956,0.022899647875729,-0.00850035576669496
0.6161491027068249,0.03294217526329318,-0.020866775757949346
0.1905326666172006,0.02835657163708072,-0.005557117566333763
0.11731496777203852,0.045542440108322674,-0.005483418333798067
0.2388039054908961,0.0378340300652162,-0.009282900651642974
0.31938677037952473,0.054961660868909704,-0.017986830953216078
0.06120554930528757,0.07353662207423013,-0.004593033421058879
0.14423841391329822,-0.04949036160056127,0.007321570676596448
0.07805023237567782,-0.058242859700602986,0.004654989814696067
0.3427028023065917,-0.005789847420943045,0.002043547557355636
0.27210386386690505,0.07476192991625914,-0.020753219541460203
0.15942967312388392,-0.03832015252736421,0.0062766587647523605
0.6086619930048643,-0.06278388800425151,0.039094703234834334
0.44173032509457855,-0.04170929858937798,0.018919971898564047
0.11141148213407899,-0.03826181935177608,0.004379565496892329
0.15185689128165372,-0.05420383178471225,0.008435364687683172
0.3220620423499823,0.000146185189035003,-4.8491747166543446e-5
0.08467535839645457,0.06909669280786411,-0.005977086589006019
0.5032485814020574,0.00971990826376587,-0.005037317448698292
0.13507379628239216,-0.0733844249892802,0.010115718313701056
0.0036554074309858467,-0.037863386415005175,0.0001422044751325826
0.5910124229520819,0.03685610537062117,-0.022383090966448433
0.6828487197826594,0.030147467579497572,-0.02117014271161991
0.5207899766302471,0.0006868598005028703,-0.0003684302636099361
0.6344537669895116,0.06374425623371584,-0.04136607431317696
0.5802890152585909,-0.062328130160418355,0.037005334627863436
0.18646273372910793,-0.02665604798550284,0.005113094784595248
0.34194783684809926,-0.06328273764605481,0.022135632465766993
0.7162013771329341,0.005212728777075057,-0.0038450764779980906
0.37102590244876554,-0.026736720948386868,0.010204816571910648
0.7021815973638778,0.01219708738563828,-0.008819008392118922
0.5662282652355158,-0.008093183050086397,0.004719403127221283
0.023244947277562034,-0.017779240438240036,0.00042543320407962675
0.10976242654742584,-0.039782068351777965,0.004485266576419317
0.5994292687855011,-0.052062565896811436,0.03199425616513105
0.6577680316333582,-0.006946981716354106,0.004706064987699203
0.02032433081631604,-0.0666153120095289,0.0013839347697442272
0.37933628991356927,-0.05426461929005065,0.021094810164113482
0.2695536670226476,0.06624981845982066,-0.018255397720145682
0.7081648389161911,0.002349731291040172,-0.0017138522589928056
0.5006761306586216,-0.0441123929977831,0.02267224402718926
0.41209306469248985,0.03608232194756014,-0.015280788994900044
0.7226750458532636,0.0367789732321229,-0.027312464747446648
0.24861340088067535,-0.01619704289190131,0.004145623872613717
0.3456624918836553,-0.041572568169740205,0.014756996204536573
0.09921872198573567,-0.03767361293139843,0.003840604474052951
0.748237949142386,-0.0411156880596427,0.0315947008265427
0.5423038367685739,0.06828481613959052,-0.03783771316527237
0.5841182204444951,-0.02191794664492388,0.013175525386939122
0.06707881383776985,-0.05817595658228747,0.003996101761944777
0.10126818138556333,0.023125665842063575,-0.0024098726383627606
0.602024562582793,-0.02723947680144017,0.01686885506224938
0.015416708336851848,0.06947322104069022,-0.0010940712234236752
0.19254257273110317,-0.055401033149090576,0.010929152295920598
0.16832189831508773,-0.023552792450810205,0.004079388060126966
0.018095859703688346,-0.036086621354369665,0.0006710906813879297
0.2267221741399168,0.019639788508012082,-0.004583197752487461
0.34074043201663723,0.0005158976077358213,-0.00018105558134983213
0.2974387535184458,0.03314950368022543,-0.010136351044185496
0.5678622872609831,0.012423611608372437,-0.007264419550168347
0.43597225737750334,-0.018157073097971835,0.008148622583660536
0.38441637620009694,0.023786867999048292,-0.009408987479864295
0.1918642109227868,-0.07158970375798149,0.014023596076430993
0.5405318568246297,-0.005018089852093663,0.0027936108726063845
0.16076458407271926,-0.03599674316473086,0.005947222346574746
0.293297047243247,0.045426894960368475,-0.013674461034860294
0.5522304909950498,-0.047440879375675496,0.02687964390089142
0.6446576692056865,-0.03773245530713332,0.02499249435102791
0.3556132913539911,-0.012052253768315063,0.0044132958716438615
0.43695542801574805,0.012365199668503885,-0.005563516436968775
0.16772990853371406,0.04032556411061228,-0.0069471356342597195
0.6412721097732308,0.027704096749555138,-0.018274267759989884
0.7186502067321878,0.031269024728711695,-0.023106229612629564
0.7874794940316042,-0.07240328069842782,0.05820032302756584
0.2910119968804618,0.04917394267724881,-0.014678167123512902
0.22463358300044237,-0.05087941943116328,0.011719683305354717
0.7765875618035665,0.07381491578957271,-0.05849372143716767
0.009375025955528749,0.02366795693211997,-0.00022831854944863357
0.6890398526686504,0.07244449371538374,-0.05095340228801627
0.6277234173289856,-0.003198741146364842,0.0020680676500688198
0.5019580111734326,-0.061706956650488295,0.031695283589785385
0.22351444289481537,0.019870261916800414,-0.004571304983153143
0.30875262259586383,-0.06021850097591956,0.01903130400450724
0.09528164309185892,0.0728520072720678,-0.007084843729979696
0.10627729410539288,0.043631747380060454,-0.004760487847964921
0.0796553782861384,0.038923647183658844,-0.003185122127167025
0.05533942814170141,0.046118287385993134,-0.0026190889409229523
0.5841928758848133,-0.05114803951849217,0.030638247436840987
0.01775956700831385,-0.034773360987723316,0.0006347519437543968
0.5774667243470492,-0.04173859294577455,0.02475103336238841
0.3753766336664425,-0.03710209773073959,0.014310874564423193
0.6865952177075897,-0.05465286039625711,0.03845180317542716
0.3341176858268064,-0.052577404788534454,0.018008065803906754
0.13972903573376147,-0.009081183332096857,0.0013067503970919034
0.41481172117325493,0.010500385379014293,-0.004485378579974686
0.5247657931557169,0.01420337658576211,-0.007674177973451087
0.7246078062501282,-0.008915698082594667,0.006653100966273902
0.7461378976952069,0.01059293139950443,-0.008139105019314738
0.6529303188310425,0.014852268803725574,-0.00998436267412182
0.7185153756599469,-0.029591690353661528,0.021866485958335125
0.24624566499649658,0.0685746290364702,-0.017252842945345303
0.10147421714960735,0.04864168621357147,-0.005063245018739522
0.6484253314869977,-0.0023296051517399524,0.0015558337276527611
0.7997417998700241,0.03942149320777638,-0.03238555249733258
0.606528157521275,-0.054677149706979115,0.0339827014676525
0.10063578744902345,0.007838767484706091,-0.0008124177755296942
0.4388816421876401,0.04615396819654427,-0.020787220461866037
0.0023506960474847464,-0.02773928492752123,6.707241188155837e-5
0.42693655058593505,-0.013062424102498513,0.005742288685435385
0.6451603850687979,0.02077205545513751,-0.01379275110901938
0.14617553878448453,0.060317528387710276,-0.009024794537085245
0.588545601862972,-0.05861993890871449,0.03532600941936285
0.710453075601574,-0.028857949127828193,0.02108656950163683
0.7591280399062925,0.005733775199044666,-0.00448287005842346
0.7448908506101973,0.060009628222299785,-0.04575727838064162
0.21198638773201894,0.05604423240378957,-0.012171033860992027
0.36743621727702963,0.05516619057359941,-0.02076902448665212
0.11995509830529238,0.05529492978506091,-0.0067960191590043136
0.7055774323478334,0.05406311915787047,-0.03909277255977795
0.5660153144615491,-0.07101275574045825,0.04104313077294007
0.30302155599209607,0.011769316145755021,-0.0036723711101531824
0.5146492043889376,-0.03482716003567607,0.018422627832340308
0.699583398458112,0.044414753513457306,-0.03189509113093703
0.775849772054388,-0.00731354895803045,0.005843740471108752
0.31909589824991724,-0.030492292879332437,0.010005624357261203
0.4447080996010258,0.05159841306487849,-0.02352640968311331
0.11631445246344595,0.03559961093666851,-0.004255598728241329
0.04180689296573075,-0.04787295710821468,0.0020533260836876135
0.3278934926314313,-0.034489563441613004,0.011624120856599003
0.35195848653046014,0.07266071975282852,-0.026103053476213826
0.25522113110258643,-0.05799835039647005,0.015158465311063551
0.48276774910974524,-0.06601422467300812,0.03258069019417434
0.02628311570470885,0.011280527246279343,-0.0003053067754715714
0.35179944235908023,0.014483788816460563,-0.0052462150538701655
0.03238910596557334,0.01905915156601959,-0.0006354143836096304
0.33671020328383855,0.040723767275364156,-0.014082995309392119
0.5714023542868604,-0.05242897057163336,0.03071096058439635
0.2074537759133609,0.0006662661795538427,-0.00014236187969609697
0.07303542385497633,0.05514140562409171,-0.0041264307402357776
0.7472314620974472,0.07432923107018947,-0.05666735402085097
0.04696426690516917,-0.03039147680614785,0.0014677659516150522
0.5968877518485781,0.02011154711860985,-0.012355547123667815
0.2460291249132375,0.03393870927638436,-0.008583205485655247
0.7530943546654785,0.01978112091058032,-0.015333240038339356
0.6688209964231148,0.0006205279528310043,-0.0004274604054978925
0.6805731104256894,0.0037102423393691186,-0.0026007089128122093
0.7114113339854127,-0.01851819255211285,0.013560915943947736
0.2763674992163524,-0.02572399375665673,0.007314046758103601
0.12538001737788138,0.044817434761323716,-0.005767740275818287
0.26641930119924756,-0.027793194173729815,0.007616476449379732
0.13849584725649153,-0.059233205695979035,0.008398802834882918
0.5214421625922787,-0.04419878868180574,0.02365853451970646
0.020913343524353856,-0.04196158590360646,0.0009011353992043139
0.7350960704205951,0.07214326180660875,-0.05413718508829013
0.7085832058138429,-0.001264670879854296,0.0009229796260146478
0.708163001205516,0.019053944671478334,-0.013889058198744891
0.4286567420292018,-0.07327767565978956,0.032056395679125736
0.3323173047683876,-0.0037895675540125795,0.0012970503948765107
0.34014018026389903,0.06867735107001845,-0.02386654826797826
0.7835780790942893,-0.03527427876143877,0.028407911930416398
0.35428871757110925,0.056750075999492264,-0.02059459113479109
0.6181752778113058,-0.027683512703081142,0.017603025332608404
0.7978286074632246,0.03704715314598059,-0.030371619533431274
0.11170028453561792,0.03622958498666641,-0.0041587777550196854
0.6236410153170396,-0.003389651111572009,0.0021772387094620414
0.5064985517271341,-0.024880191764032278,0.012965703266079522
0.716902314903924,-0.06346405668139733,0.04653905462707071
0.5601993497632094,0.06909996709508472,-0.03954534309033101
0.7676970843735282,-0.030448240591049815,0.024037371814999008
0.2547429264542337,0.050771514129944254,-0.013262623708340571
0.4824177059804684,0.01046133237674611,-0.005197011715555586
0.7048591883807207,-0.05497367332063982,0.039703978171873
0.42221406583044563,0.04703202456268454,-0.02037536934648067
0.568482145583844,-0.04177485273803369,0.024386982805379858
0.6286189726138852,-0.04041054420037025,0.026091070406492674
0.08398927091753494,-0.03912614897085238,0.0033757992783993484
0.305708027828094,-0.04606839692806737,0.014452925762843606
0.5567542893696521,-0.03489782338884762,0.019970110036549894
0.5185226275840316,0.02986223518150677,-0.01592396487197257
0.2691664105587053,0.026906682996644088,-0.007450185211262324
0.4992726921816192,-0.009801624436467676,0.005039521222342181
0.14297912261508205,-0.04958865950660003,0.007271942720563132
0.6844102372549481,0.032763122749856655,-0.023053018277142946
0.420654369744406,0.05194359862842009,-0.022401398977234938
0.4207594715234394,0.0030660492208217094,-0.0013287123031008412
0.6789960112024526,0.03277387453282832,-0.02287812845659976
0.6567004524297496,-0.016443462845673898,0.011116913828537425
0.5099519203318291,0.05104207244437588,-0.026689734393227627
0.6649981650913733,0.005336082654090371,-0.003654657879819037
0.13497137832094,-0.007166527539613762,0.0009961784720099306
0.5805026992690004,-0.018861612212234737,0.011270499093625048
0.25939320056654686,0.03038144084531183,-0.008104101382326078
0.4295435296244069,-0.032802048119870336,0.01448545871186251
0.10120751990749498,-0.027613397909368183,0.002874683288578839
0.1851065003990917,-0.04613757086758155,0.008764304967005915
0.37826108019688703,0.036704018800644486,-0.014266834026944127
0.018699205529788456,0.007950790825597853,-0.0001531127481930356
0.5528944421186163,0.05068893567870898,-0.028738812849836887
0.47442030075833447,0.04601910169117264,-0.022405291851247764
0.4851023215464825,-0.05553988083247058,0.027603788552926823
0.5806612584130691,-0.02137623132307699,0.012774348825045322
0.6398324758964895,-0.04061383385856967,0.026689333547329594
0.7666935652398549,-0.020310285762656782,0.016027128024509736
0.10085462274088562,-0.06419543100501643,0.006621560061063413
0.7492530799557242,-0.009947568666853937,0.007675324477556323
0.26252726641513563,0.00888297013651465,-0.0024015896583632645
0.40182914805510467,-0.02330652133155032,0.009636947149305653
0.32615920435367685,-0.020709113484882698,0.006951792873877948
0.6632439249481588,0.0024530955792219367,-0.0016757460409313717
0.6990249288375884,0.020713369991256822,-0.014902151439008084
0.11460535774444996,0.05804104067775746,-0.006811760888604762
0.4870333434897048,0.05715154911020719,-0.02850900919972909
0.10418254135911678,-0.07172611319709238,0.0076290873816969385
0.31112275278704615,0.0297039425337884,-0.009504167274962942
0.7146166848850414,0.021388567272028994,-0.01573038068273736
0.6101686397362649,-0.0495853342265582,0.031031218272392105
0.3870229285012114,0.04689657619145643,-0.018623719005028988
0.18867726973767018,0.06999348676782201,-0.013488381615977152
0.2798789941355419,0.03896408330765248,-0.011202885113159623
0.24162135437118482,0.057478377522292415,-0.014223530136101047
0.7062022374989845,0.026953324059102085,-0.01958058202376821
0.17408028807969045,-0.031600456313623036,0.005656198471857518
0.6535927777569799,-0.07092266897941933,0.04733449419842729
0.053455965954179965,0.0027655354303472574,-0.00015226309244715047
0.7994150564347632,0.06450685939043758,-0.05273620158679981
0.6304486339874584,0.029693558250543095,-0.019252211004111116
0.27279747736032967,-0.03712832870751054,0.010407460627128634
0.6618427753255611,0.06099560418744086,-0.04131534072246815
0.17129616837325898,0.011751940139552913,-0.0020729046836165483
0.5132714811927687,-0.0038311109020921635,0.0020252836777573126
0.2944365262761401,0.006841480507761663,-0.0020745880131092347
0.10927000627609368,0.046800048416741916,-0.005247380704903601
0.715714689309874,0.0042845047828508065,-0.003158288708373358
0.2034725801718823,-0.06317655057652014,0.013149783197991347
0.4530409950390338,0.011633139094146969,-0.00542698479909015
0.5942702303127735,-0.02967970130946377,0.01813897635950147
0.6294959521997371,-0.018119378703321996,0.01174131578640522
0.5777315702072398,0.03428873564184354,-0.020362329922437212
0.46496770273862115,-0.0031324781703622046,0.0015001285162844157
0.6536546166006305,0.0226587016564022,-0.01524144349956659
0.19724389964215377,0.06283229187371016,-0.012678722465784945
0.5160202536364679,0.01496495320763433,-0.007950607640687127
0.5539632606882369,-0.04955906428756415,0.02815799293350245
0.2373899496632449,0.025312919581468196,-0.006182335220325589
0.7960911616310073,-0.03055404462275648,0.025012758826540884
0.5522182479196468,0.050961050390685006,-0.02885638935321369
0.4141156135620482,-0.06583844066864572,0.02787422865305057
0.6489733495453116,0.010439068234261772,-0.006976416512805465
0.582440136067083,-0.05405260551917472,0.03226409333909066
0.4612021986001666,-0.06234804705765197,0.029420379248296363
0.40948151544655664,0.016837360449301647,-0.0070977744635348766
0.6076222219343178,0.017079546058508976,-0.010683603012317284
0.5811384080949028,0.06174287416571912,-0.03671607530459632
0.38183230393929724,-0.035168598020154505,0.01380168637745848
0.724265757614535,0.050460763663680144,-0.03747851346385348
0.6397832194232386,-0.025623246000897194,0.016865654884252262
0.20839798221726122,0.014418470274025763,-0.0030937332156142547
0.2162082464588438,0.011471655530282551,-0.002554025984299632
0.024391451430816335,-0.006440122950327157,0.00016178038192035343
0.5785550189222052,0.014880342795348445,-0.008863753949624978
0.06327424160839455,-0.01728263002735065,0.0011257432628109165
0.33532164426326844,-0.0674212907925515,0.02310488044031293
0.7475314202446306,-0.06635874421830755,0.05070820595723541
0.41823844437234003,0.0068581391173815065,-0.0029540657415730864
0.755807051873167,0.03952184317660795,-0.030683908699256628
0.38774066864909473,-0.06260803055849294,0.02483598038561025
0.17050985895783147,0.02303319501294837,-0.004041417247722083
0.39768268624384134,-0.07091477501713506,0.02879782377404929
0.7517885555768355,0.05652077858304731,-0.04352638025785339
0.5561443243091954,-0.033513660785932896,0.019160126707343565
0.4414207425199399,0.011522100094403298,-0.005237336478314406
0.48923030921494476,-0.006113554505213864,0.00308037967507381
0.7574026288353748,-0.012890997950184918,0.010053437094887574
0.055170067840541216,-0.01536699338031202,0.0008728538965436218
0.6918518525171579,-0.0640083899625948,0.04529270063779186
0.39271851655958784,-0.010118895929227906,0.004092259922717829
0.20259411998637766,0.03313167240823714,-0.006900461453030153
0.09317652389844416,-0.06389100447526289,0.006088854235714697
0.7521807406807273,-0.03752438364143694,0.029000988962936982
0.06413397402227021,-0.06868403848796142,0.004500506903126089
0.5097492147082634,-0.0147928640992303,0.007763737724560851
0.1918583320376774,0.03403745661311189,-0.006712749446263068
0.4427808564862112,0.045881914440988505,-0.020849178421656088
0.3572510710163876,0.04291411767580906,-0.01574085374508232
0.0654731390622768,-0.0720264843027125,0.0048141949461093505
0.6519466869615648,-0.04019537424191628,0.02691601571079621
0.3067758549153906,-0.033425169447723065,0.010541154959468405
0.19925935767803812,-0.0036679244325710653,0.0007527556450629775
0.39202823322770564,-0.012770142998976386,0.0051548571157512225
0.7073118943477726,-0.018175836369128902,0.013233793849526164
0.532559385762402,-0.053892347453600276,0.02941436921315275
0.2913058064771589,0.03843359448700834,-0.01150232942882892
0.39383756560872407,0.054486385132141144,-0.021989820169120294
0.031858710310199004,0.04294260354830835,-0.001404653805261572
0.13234435301267755,-0.04249925058108081,0.005775207566269281
0.14341734206625764,-0.030923562089316167,0.00456041499542646
0.1783730869501758,0.0532292401500072,-0.009731880964713295
0.18436546990382469,-0.04919339816269804,0.00930274014656687
0.5345595461357598,0.005675917623306048,-0.00312487838649221
0.5995572109777143,0.06718292209951736,-0.04116787230236251
0.43308369648666806,0.019437512678918953,-0.008664753259902607
0.6182986864319934,0.06416593073054473,-0.04057570075959462
0.2698435863025204,-0.006963662355034303,0.0019352569454694844
0.7235218556982368,-0.02876011240908633,0.02140185898075627
0.476215225205481,-0.020767445189518223,0.01017865103601187
0.4513292180901946,0.057413314541964536,-0.02653867322123981
0.11155092781364839,-0.029155084180949344,0.0033448737377518
0.5492945293253629,0.0032256991472928986,-0.0018249304518484458
0.4159868084166812,-0.04491409202945734,0.019177240220184234
0.7337251945135849,-0.002193024857414849,0.0016572893421510782
0.4679466950772678,0.023899034961688506,-0.011507381616611594
0.6607531661869596,-0.01994589810106262,0.013565056945292642
0.7984035610311251,0.053207088110436326,-0.04354225359377532
0.4042110384223744,-0.035331234288642516,0.01467786467967343
0.24098284275097168,-0.038330886831642264,0.009490006552423403
0.15091124921524593,-0.03588499035025639,0.005565459273639162
0.5104397543465744,-0.04228045357818085,0.022160463284729134
0.7887131139629844,-0.00696758804412774,0.005659659656331326
0.3010063743074007,0.061366700018077716,-0.01890308541208307
0.45128089075742317,0.06369103518183374,-0.029399067721627946
0.5549629043905794,-0.038249718090636195,0.021808627705103403
0.21935734706466603,0.03839265442416277,-0.008652235293092819
0.0024564925323991463,0.049966526921373794,-0.00012588155447774572
0.6364245084598719,-0.042734908945496065,0.027925158754267758
0.08029644765650988,-0.014110532109076729,0.001166585106472909
0.4906803904589362,0.021984141654056655,-0.011101288168302246
0.26194392363124525,-0.008256309479998378,0.002227247470876155
0.6903702832339068,-0.03373344309640177,0.023939813417517806
0.32010521880106313,-0.04909609897752617,0.016120233656733745
0.669501337204759,0.013563443947668868,-0.009349952407779081
0.5092556631043543,0.0022333848425304392,-0.0011714416191475308
0.16620387554933114,-0.011951802860817595,0.0020454701884858872
0.24366056638021752,-0.054372169417838914,0.01357649598362238
0.4815501931524243,0.024262998762198146,-0.012021890224199496
0.22537300721443146,0.022319584491870284,-0.005176570154529798
0.0025426978378815693,0.04339338946169301,-0.00011327709969697354
0.572525810460076,-0.0678974587396892,0.03972334562513795
0.7848190165075478,-0.04745664213708885,0.038213411351353484
0.5961113087081398,0.00054174316539915,-0.00033261782164511745
0.00722661614073008,0.06254062112777824,-0.00046239523968266564
0.04139714969431321,0.004301203284070271,-0.0001833882755208329
0.21546241609031747,-0.0021968846907776812,0.0004875286320120032
0.4485377710404624,0.07191221637159805,-0.03292927706539243
0.26931335280454816,-0.0059560504419222116,0.001652017999258446
0.30118974266345255,0.04207670866986073,-0.01301335952279766
0.7646839692856537,-0.059664309978802094,0.046706134029663074
0.286548865731441,0.05763840286303186,-0.016914708788820485
0.2705549797031756,0.05305584189236172,-0.014713623340415849
0.7571758883036095,-0.06722330893314733,0.05202133970246524
0.2752096211083487,-0.0721110297480394,0.02025930563608933
0.5397562671017772,-0.03177277377972291,0.01763300733495299
0.12089889564823225,0.02251342971168123,-0.0028009904316616888
0.03792686558298435,-0.038308965868702416,0.001492726189789917
0.6031650565992177,0.01830888408569195,-0.011367721751474717
0.5090649714746371,-0.016096546751953413,0.00843602727892114
0.553959377513103,-0.07016194734554805,0.03969580894171631
0.18705144756956715,-0.057654823677823486,0.011044580075600864
0.7544548897400855,-0.045161755007647596,0.034971271570523425
0.15147856064397233,-0.024574865431732512,0.0038301669373885807
0.5149326056469395,-0.04115288083002686,0.021762827163518357
0.35314371734543465,-0.044772920629854274,0.01622931726126876
0.5967940402515043,-0.06716019524887025,0.04096449416229994
0.20216843391235717,-0.037922382868190684,0.007877051032661387
0.6214944817318618,-0.0437975347937557,0.027943739880116496
0.516840813021945,-0.030296211538736163,0.016102261852467725
0.009899964173453136,-0.06503698782743304,0.0006583754970847821
0.3678331278254683,-0.020653666129354334,0.00781907495637857
0.1996391978762745,-0.0020485802264233882,0.00042123126658318613
0.37034852213460123,0.07452622355841158,-0.028158927734850778
0.04018296479961352,-0.02589279548500456,0.0010704017285879351
0.43794373973729006,0.05663453450253016,-0.02540614649787599
0.6412868607279365,0.04500012690634016,-0.029619945345535754
0.11239969441300116,-0.008459460137244162,0.0009792181011178988
0.2691941936293449,-0.07428708742193636,0.02040336565144158
0.07922884608271641,-0.01512543425061675,0.0012338029342180725
0.33340346847715074,-0.05221215480864929,0.017845907602276032
0.2218305686892247,-0.03700632692737543,0.008435350415944867
0.7856929117784706,0.010175945418119184,-0.008233328517938152
0.16662900571973874,0.004587507800913396,-0.0007872935294953194
0.5300770181994924,-0.05645369478439999,0.03065389634877831
0.524830317769203,0.003969349735449712,-0.002145613446578453
0.5216511701053,0.03663534806360538,-0.019638421919596447
0.7718093252222205,0.05988495116695351,-0.04731353924282752
0.09035973191905322,-0.00042983014112792095,4.00033714006609e-5
0.7120954754633474,-0.02154269198844134,0.0157876562012718
0.7018882429366052,-0.014136465654113632,0.010216096079827467
0.37526290843992655,-0.040958599609784346,0.015785461496858093
0.40581289680204224,0.05722275193775499,-0.02378394848200809
0.1778480340429865,-0.036867780194884396,0.006737665206186347
0.13793625822656957,0.06380854321354436,-0.009002320050562722
0.5070611336520336,0.004174105428779676,-0.002179895612951509
0.2211014104202092,-0.06285859851644626,0.014218139285878343
0.15512969018820694,-0.01409879985447212,0.002251925510631007
0.359111604074856,0.04092058799737948,-0.01509211698298747
0.7085469178092176,0.033627979963344115,-0.024493603324201762
0.2899028297420282,-0.07464498635115235,0.022076810611908526
0.2591267527921232,0.05691502846105505,-0.015106180908264004
0.4294236187867748,-0.05922181709866444,0.026036587101746406
0.6263714597636797,-0.06806865882333782,0.04356714481476911
0.568866659186371,-0.01808551018468091,0.010590651640159297
0.672090761767712,0.00553007917019116,-0.0038279075317433743
0.13691890239229876,0.0476690671070748,-0.006696291066040818
0.6404214705977422,0.021322883187443048,-0.014053946189533349
0.7959241825357286,0.05409086424766653,-0.044120871559454905
0.4654764317429894,0.03571346288261243,-0.01708462131302761
0.6127731553359723,-0.04882627439196937,0.03069054176900195
0.032168986387489086,-0.05438426473841014,0.0017928148681961513
0.47390280897403025,0.01692754750964147,-0.008258381503328586
0.10465145429490069,-0.0003585088632349076,3.8642925785160244e-5
0.6877681803893911,0.02259104477026358,-0.015989077980659728
0.6296473536305327,-0.03738759095074941,0.024188532417125295
0.09216280094252394,0.00963465974106463,-0.0009144245353308365
0.23587488549082958,0.03699706264145031,-0.008967166050934292
0.04517881001146256,0.059897024451005934,-0.0027701078388931836
0.424895676691572,0.018430707435332802,-0.008061138299238777
0.765170619629779,0.020176944414075693,-0.015890426571105034
0.21785551055078428,0.0068045517556198365,-0.001526716964819446
0.05303422048162414,-0.03208481678578298,0.0017495021913925169
0.2633252184920881,-0.021158133116074583,0.005734050093951193
0.39171050646160466,0.00012438800928543658,-5.018439095989446e-5
0.5241580234024211,0.07401376809943379,-0.03958472472623196
0.3590044290709978,-0.05234665216867164,0.01926527328626789
0.27011815380504006,0.049911349210897404,-0.013826895015574069
0.105365258845588,-0.038916191291998324,0.004212361715594806
0.188389924645311,-0.03579992431377305,0.006931239070253674
0.29145216728029616,-0.0722326521964644,0.021490527007729694
0.7008540205811596,-0.02183677922760016,0.01575020167507513
0.04259306090960413,-0.0673143344756264,0.0029302331985025863
0.7858492109472588,-0.02365163737942432,0.019125330797892744
0.27922508156784004,-0.03424350581858793,0.009828445910537855
0.5570926379078005,-0.025368391320413727,0.014540061291451328
0.4725786812317875,-0.05814373555743502,0.0281376273203896
0.5019157960913965,0.028324447963278446,-0.014622448133467282
0.6183892611379059,-0.04406603047937724,0.027973442291244207
0.10720165520344818,0.0017932241160365375,-0.0001979969951562941
0.23310706123388086,0.0015178263666541791,-0.00036441877054629694
0.5786434285419276,0.04183794669802708,-0.02486015196808619
0.5093474328797976,0.013679651433500958,-0.007174221330212617
0.39469735637524156,0.03005641628734329,-0.01219983460985789
0.4577587198906972,-0.009720347189754397,0.004582188933862049
0.4032725152082426,0.049944978072705995,-0.020656633155312038
0.44112812117394173,-0.065786442722007,0.029669344218666904
0.5924435081611856,-0.05884885104801324,0.035697191829504794
0.28254408449770224,0.028049690491423626,-0.008151801400404658
0.2400388010503586,-0.04473347837598806,0.01102173802731957
0.1607054190884373,0.029855790764903384,-0.004934243444738584
0.4243295351617974,-0.055795388972565606,0.024255533145735243
0.3168517483993911,0.026344506593094646,-0.008587257780477031
0.28376095402766827,0.04744533994132981,-0.01381326302980606
0.4058470873707711,0.003058835689418185,-0.001278605440442569
0.46325865834550994,0.04187960665791919,-0.01992259638447107
0.2043806949061156,-0.03942908901817539,0.008277984585108096
0.7216192791118737,0.04129380363641798,-0.03060194653899974
0.38608466846960776,-0.07351733268130796,0.02896540012647005
0.6076918149595364,0.04084216172088288,-0.02549034628875296
0.0019034758677395126,-0.006085531258044716,1.1930076619961838e-5
0.4631441763496502,-0.030323083298218985,0.014442092212952905
0.23472861538988907,0.06048629472363036,-0.014532052357551194
0.6194154029601115,-0.00913303628212403,0.00582585962357682
0.5274187268739986,-0.037908567574811855,0.020542268121359515
0.5475905022916334,0.0329054468903837,-0.018524340483164117
0.019741149122032287,-0.02321956858513003,0.0004716829417602507
0.5964737457529264,-0.03381517026538884,0.02073369974718176
0.23474500670561974,0.06882317106700762,-0.016505713200727235
0.7627619862180356,0.0588715519931879,-0.04597710905102562
0.3801649959272439,0.024088875196798615,-0.009422836041351735
0.32617035977722947,0.0675792245429193,-0.02252614834336222
0.0335366106132895,-0.025923008053998116,0.0008943948336326917
